id;age;sex;ipd(mm);taL;taR;tv;correctionR;correctionL;timeCorrection(sec);date;expName;blocksRepN;trialsRepN;rectWidth;margin;length;height;lengthStim;heightStim;blackBG;resolution;oriL;oriR;heightDrawStimuli0;heightDrawStimuli1;blockN;blockNCon;blockSf;blockScreenDistL;blockScreenDistR;trialN;trialNBlock;trialAlpha;blockAlpha;startGetTIme;endGetTIme;startTS;endTS;responseCorrect;responseKey;blockEndTS;blockStartTS
YL;24;m;66;-1;-1.25;;-2.25;-3.25;1;2020_Jul_10_1116;haploAD;1;6;0.1;1.2;1.5;1.5;4.0;4.0;1;1024_600;-19.0;11;0.0;0.0;11;0;10;50;25;0;0;30.0;30.0;163.445;168.195;1594369012.77;1594369017.5204;1;7;0;1594369012.77
YL;24;m;66;-1;-1.25;;-2.25;-3.25;1;2020_Jul_10_1116;haploAD;1;6;0.1;1.2;1.5;1.5;4.0;4.0;1;1024_600;-25;5.0;0.0;0.0;11;0;10;50;25;1;1;30.0;30.0;168.344;169.628;1594369017.6688;1594369018.9532;0;5;0;1594369012.77
YL;24;m;66;-1;-1.25;;-2.25;-3.25;1;2020_Jul_10_1116;haploAD;1;6;0.1;1.2;1.5;1.5;4.0;4.0;1;1024_600;25.0;25;0.0;0.0;11;0;10;50;25;2;2;0.0;30.0;169.784;171.131;1594369019.1093;1594369020.4562;1;5;0;1594369012.77
YL;24;m;66;-1;-1.25;;-2.25;-3.25;1;2020_Jul_10_1116;haploAD;1;6;0.1;1.2;1.5;1.5;4.0;4.0;1;1024_600;14;-16.0;0.0;0.0;11;0;10;50;25;3;3;30.0;30.0;171.284;172.56;1594369020.6092;1594369021.8842;0;5;0;1594369012.77
YL;24;m;66;-1;-1.25;;-2.25;-3.25;1;2020_Jul_10_1116;haploAD;1;6;0.1;1.2;1.5;1.5;4.0;4.0;1;1024_600;25.0;-5;0.0;0.0;11;0;10;50;25;4;4;30.0;30.0;172.712;175.985;1594369022.0362;1594369025.3104;1;7;0;1594369012.77
YL;24;m;66;-1;-1.25;;-2.25;-3.25;1;2020_Jul_10_1116;haploAD;1;6;0.1;1.2;1.5;1.5;4.0;4.0;1;1024_600;19;19.0;0.0;0.0;11;0;10;50;25;5;5;0.0;30.0;176.135;177.389;1594369025.4603;1594369026.7139;1;5;0;1594369012.77
YL;24;m;66;-1;-1.25;;-2.25;-3.25;1;2020_Jul_10_1116;haploAD;1;6;0.1;1.2;1.5;1.5;4.0;4.0;1;1024_600;-8.0;22;0.0;0.0;11;0;10;50;25;6;6;30.0;30.0;177.534;178.808;1594369026.8589;1594369028.1326;0;5;0;1594369012.77
YL;24;m;66;-1;-1.25;;-2.25;-3.25;1;2020_Jul_10_1116;haploAD;1;6;0.1;1.2;1.5;1.5;4.0;4.0;1;1024_600;17;-13.0;0.0;0.0;11;0;10;50;25;7;7;30.0;30.0;178.961;179.907;1594369028.286;1594369029.2317;0;5;0;1594369012.77
YL;24;m;66;-1;-1.25;;-2.25;-3.25;1;2020_Jul_10_1116;haploAD;1;6;0.1;1.2;1.5;1.5;4.0;4.0;1;1024_600;-22.0;-22;0.0;0.0;11;0;10;50;25;8;8;0.0;30.0;180.055;181.019;1594369029.3797;1594369030.3437;1;5;0;1594369012.77
YL;24;m;66;-1;-1.25;;-2.25;-3.25;1;2020_Jul_10_1116;haploAD;1;6;0.1;1.2;1.5;1.5;4.0;4.0;1;1024_600;-23;-23.0;0.0;0.0;11;0;10;50;25;9;9;0.0;30.0;181.176;183.038;1594369030.5006;1594369032.3629;1;5;0;1594369012.77
YL;24;m;66;-1;-1.25;;-2.25;-3.25;1;2020_Jul_10_1116;haploAD;1;6;0.1;1.2;1.5;1.5;4.0;4.0;1;1024_600;-20;-20.0;0.0;0.0;11;0;10;50;25;10;10;0.0;30.0;183.186;186.697;1594369032.5109;1594369036.022;1;5;0;1594369012.77
YL;24;m;66;-1;-1.25;;-2.25;-3.25;1;2020_Jul_10_1116;haploAD;1;6;0.1;1.2;1.5;1.5;4.0;4.0;1;1024_600;-15;-15.0;0.0;0.0;11;0;10;50;25;11;11;0.0;30.0;186.842;188.16;1594369036.1676;1594369037.485;1;5;1594369037.485;1594369012.77
YL;24;m;66;-1;-1.25;;-2.25;-3.25;1;2020_Jul_10_1116;haploAD;1;6;0.1;1.2;1.5;1.5;4.0;4.0;1;1024_600;-7;8.0;0.0;0.0;10;1;10;50;25;12;0;15.0;15.0;192.157;194.657;1594369041.4818;1594369043.9818;1;7;0;1594369041.4818
YL;24;m;66;-1;-1.25;;-2.25;-3.25;1;2020_Jul_10_1116;haploAD;1;6;0.1;1.2;1.5;1.5;4.0;4.0;1;1024_600;-9.0;-9;0.0;0.0;10;1;10;50;25;13;1;0.0;15.0;194.811;195.902;1594369044.1358;1594369045.2271;1;5;0;1594369041.4818
YL;24;m;66;-1;-1.25;;-2.25;-3.25;1;2020_Jul_10_1116;haploAD;1;6;0.1;1.2;1.5;1.5;4.0;4.0;1;1024_600;-8.0;-8;0.0;0.0;10;1;10;50;25;14;2;0.0;15.0;196.049;196.88;1594369045.374;1594369046.2044;1;5;0;1594369041.4818
YL;24;m;66;-1;-1.25;;-2.25;-3.25;1;2020_Jul_10_1116;haploAD;1;6;0.1;1.2;1.5;1.5;4.0;4.0;1;1024_600;-5.0;10;0.0;0.0;10;1;10;50;25;15;3;15.0;15.0;197.025;197.89;1594369046.3503;1594369047.215;0;5;0;1594369041.4818
YL;24;m;66;-1;-1.25;;-2.25;-3.25;1;2020_Jul_10_1116;haploAD;1;6;0.1;1.2;1.5;1.5;4.0;4.0;1;1024_600;-7.0;8;0.0;0.0;10;1;10;50;25;16;4;15.0;15.0;198.045;199.424;1594369047.3698;1594369048.7483;0;5;0;1594369041.4818
YL;24;m;66;-1;-1.25;;-2.25;-3.25;1;2020_Jul_10_1116;haploAD;1;6;0.1;1.2;1.5;1.5;4.0;4.0;1;1024_600;-9.0;6;0.0;0.0;10;1;10;50;25;17;5;15.0;15.0;199.574;200.345;1594369048.8992;1594369049.6699;0;5;0;1594369041.4818
YL;24;m;66;-1;-1.25;;-2.25;-3.25;1;2020_Jul_10_1116;haploAD;1;6;0.1;1.2;1.5;1.5;4.0;4.0;1;1024_600;9.0;-6;0.0;0.0;10;1;10;50;25;18;6;15.0;15.0;200.492;201.407;1594369049.8169;1594369050.7322;0;5;0;1594369041.4818
YL;24;m;66;-1;-1.25;;-2.25;-3.25;1;2020_Jul_10_1116;haploAD;1;6;0.1;1.2;1.5;1.5;4.0;4.0;1;1024_600;10;10.0;0.0;0.0;10;1;10;50;25;19;7;0.0;15.0;201.556;202.233;1594369050.8802;1594369051.5579;1;5;0;1594369041.4818
YL;24;m;66;-1;-1.25;;-2.25;-3.25;1;2020_Jul_10_1116;haploAD;1;6;0.1;1.2;1.5;1.5;4.0;4.0;1;1024_600;10.0;10;0.0;0.0;10;1;10;50;25;20;8;0.0;15.0;202.386;203.363;1594369051.7109;1594369052.688;1;5;0;1594369041.4818
YL;24;m;66;-1;-1.25;;-2.25;-3.25;1;2020_Jul_10_1116;haploAD;1;6;0.1;1.2;1.5;1.5;4.0;4.0;1;1024_600;-5;-5.0;0.0;0.0;10;1;10;50;25;21;9;0.0;15.0;203.508;204.992;1594369052.8329;1594369054.3164;0;7;0;1594369041.4818
YL;24;m;66;-1;-1.25;;-2.25;-3.25;1;2020_Jul_10_1116;haploAD;1;6;0.1;1.2;1.5;1.5;4.0;4.0;1;1024_600;10;-5.0;0.0;0.0;10;1;10;50;25;22;10;15.0;15.0;205.14;207.035;1594369054.4646;1594369056.3598;0;5;0;1594369041.4818
YL;24;m;66;-1;-1.25;;-2.25;-3.25;1;2020_Jul_10_1116;haploAD;1;6;0.1;1.2;1.5;1.5;4.0;4.0;1;1024_600;7;7.0;0.0;0.0;10;1;10;50;25;23;11;0.0;15.0;207.193;208.076;1594369056.5178;1594369057.4012;1;5;1594369057.4012;1594369041.4818
YL;24;m;66;-1;-1.25;;-2.25;-3.25;1;2020_Jul_10_1116;haploAD;1;6;0.1;1.2;1.5;1.5;4.0;4.0;1;1024_600;-8.0;7;0.0;0.0;22;2;10;25;25;24;0;15.0;15.0;226.757;229.828;1594369076.0819;1594369079.153;1;7;0;1594369076.0819
YL;24;m;66;-1;-1.25;;-2.25;-3.25;1;2020_Jul_10_1116;haploAD;1;6;0.1;1.2;1.5;1.5;4.0;4.0;1;1024_600;-7.0;8;0.0;0.0;22;2;10;25;25;25;1;15.0;15.0;229.977;232.072;1594369079.3019;1594369081.3967;1;7;0;1594369076.0819
YL;24;m;66;-1;-1.25;;-2.25;-3.25;1;2020_Jul_10_1116;haploAD;1;6;0.1;1.2;1.5;1.5;4.0;4.0;1;1024_600;8;8.0;0.0;0.0;22;2;10;25;25;26;2;0.0;15.0;232.221;234.097;1594369081.5456;1594369083.4224;1;5;0;1594369076.0819
YL;24;m;66;-1;-1.25;;-2.25;-3.25;1;2020_Jul_10_1116;haploAD;1;6;0.1;1.2;1.5;1.5;4.0;4.0;1;1024_600;-10;-10.0;0.0;0.0;22;2;10;25;25;27;3;0.0;15.0;234.245;235.44;1594369083.5704;1594369084.7647;1;5;0;1594369076.0819
YL;24;m;66;-1;-1.25;;-2.25;-3.25;1;2020_Jul_10_1116;haploAD;1;6;0.1;1.2;1.5;1.5;4.0;4.0;1;1024_600;5;5.0;0.0;0.0;22;2;10;25;25;28;4;0.0;15.0;235.586;236.779;1594369084.9107;1594369086.1031;1;5;0;1594369076.0819
YL;24;m;66;-1;-1.25;;-2.25;-3.25;1;2020_Jul_10_1116;haploAD;1;6;0.1;1.2;1.5;1.5;4.0;4.0;1;1024_600;9;-6.0;0.0;0.0;22;2;10;25;25;29;5;15.0;15.0;236.926;238.504;1594369086.251;1594369087.8281;1;7;0;1594369076.0819
YL;24;m;66;-1;-1.25;;-2.25;-3.25;1;2020_Jul_10_1116;haploAD;1;6;0.1;1.2;1.5;1.5;4.0;4.0;1;1024_600;-10.0;5;0.0;0.0;22;2;10;25;25;30;6;15.0;15.0;238.659;240.11;1594369087.9844;1594369089.4346;0;5;0;1594369076.0819
YL;24;m;66;-1;-1.25;;-2.25;-3.25;1;2020_Jul_10_1116;haploAD;1;6;0.1;1.2;1.5;1.5;4.0;4.0;1;1024_600;-5;-5.0;0.0;0.0;22;2;10;25;25;31;7;0.0;15.0;240.262;241.288;1594369089.5865;1594369090.613;1;5;0;1594369076.0819
YL;24;m;66;-1;-1.25;;-2.25;-3.25;1;2020_Jul_10_1116;haploAD;1;6;0.1;1.2;1.5;1.5;4.0;4.0;1;1024_600;-5;-5.0;0.0;0.0;22;2;10;25;25;32;8;0.0;15.0;241.442;242.335;1594369090.7669;1594369091.6604;1;5;0;1594369076.0819
YL;24;m;66;-1;-1.25;;-2.25;-3.25;1;2020_Jul_10_1116;haploAD;1;6;0.1;1.2;1.5;1.5;4.0;4.0;1;1024_600;9;9.0;0.0;0.0;22;2;10;25;25;33;9;0.0;15.0;242.491;243.601;1594369091.8154;1594369092.9262;1;5;0;1594369076.0819
YL;24;m;66;-1;-1.25;;-2.25;-3.25;1;2020_Jul_10_1116;haploAD;1;6;0.1;1.2;1.5;1.5;4.0;4.0;1;1024_600;9;-6.0;0.0;0.0;22;2;10;25;25;34;10;15.0;15.0;243.758;244.981;1594369093.0829;1594369094.3055;1;7;0;1594369076.0819
YL;24;m;66;-1;-1.25;;-2.25;-3.25;1;2020_Jul_10_1116;haploAD;1;6;0.1;1.2;1.5;1.5;4.0;4.0;1;1024_600;-10.0;5;0.0;0.0;22;2;10;25;25;35;11;15.0;15.0;245.128;246.485;1594369094.4524;1594369095.8096;1;7;1594369095.8096;1594369076.0819
YL;24;m;66;-1;-1.25;;-2.25;-3.25;1;2020_Jul_10_1116;haploAD;1;6;0.1;1.2;1.5;1.5;4.0;4.0;1;1024_600;5;-25.0;0.0;0.0;5;3;10;50;50;36;0;30.0;30.0;261.388;264.455;1594369110.713;1594369113.7801;1;7;0;1594369110.713
YL;24;m;66;-1;-1.25;;-2.25;-3.25;1;2020_Jul_10_1116;haploAD;1;6;0.1;1.2;1.5;1.5;4.0;4.0;1;1024_600;22;22.0;0.0;0.0;5;3;10;50;50;37;1;0.0;30.0;264.606;265.518;1594369113.9301;1594369114.8432;1;5;0;1594369110.713
YL;24;m;66;-1;-1.25;;-2.25;-3.25;1;2020_Jul_10_1116;haploAD;1;6;0.1;1.2;1.5;1.5;4.0;4.0;1;1024_600;7.0;7;0.0;0.0;5;3;10;50;50;38;2;0.0;30.0;265.668;266.75;1594369114.9932;1594369116.0749;1;5;0;1594369110.713
YL;24;m;66;-1;-1.25;;-2.25;-3.25;1;2020_Jul_10_1116;haploAD;1;6;0.1;1.2;1.5;1.5;4.0;4.0;1;1024_600;-6;-6.0;0.0;0.0;5;3;10;50;50;39;3;0.0;30.0;266.906;267.976;1594369116.2308;1594369117.3011;1;5;0;1594369110.713
YL;24;m;66;-1;-1.25;;-2.25;-3.25;1;2020_Jul_10_1116;haploAD;1;6;0.1;1.2;1.5;1.5;4.0;4.0;1;1024_600;15.0;-15;0.0;0.0;5;3;10;50;50;40;4;30.0;30.0;268.13;269.034;1594369117.4552;1594369118.3587;1;7;0;1594369110.713
YL;24;m;66;-1;-1.25;;-2.25;-3.25;1;2020_Jul_10_1116;haploAD;1;6;0.1;1.2;1.5;1.5;4.0;4.0;1;1024_600;18.0;18;0.0;0.0;5;3;10;50;50;41;5;0.0;30.0;269.193;270.305;1594369118.5187;1594369119.6296;1;5;0;1594369110.713
YL;24;m;66;-1;-1.25;;-2.25;-3.25;1;2020_Jul_10_1116;haploAD;1;6;0.1;1.2;1.5;1.5;4.0;4.0;1;1024_600;6.0;-24;0.0;0.0;5;3;10;50;50;42;6;30.0;30.0;270.461;271.718;1594369119.7853;1594369121.0427;1;7;0;1594369110.713
YL;24;m;66;-1;-1.25;;-2.25;-3.25;1;2020_Jul_10_1116;haploAD;1;6;0.1;1.2;1.5;1.5;4.0;4.0;1;1024_600;9.0;9;0.0;0.0;5;3;10;50;50;43;7;0.0;30.0;271.874;273.203;1594369121.1986;1594369122.5277;1;5;0;1594369110.713
YL;24;m;66;-1;-1.25;;-2.25;-3.25;1;2020_Jul_10_1116;haploAD;1;6;0.1;1.2;1.5;1.5;4.0;4.0;1;1024_600;-15;15.0;0.0;0.0;5;3;10;50;50;44;8;30.0;30.0;273.36;274.575;1594369122.6844;1594369123.8998;1;7;0;1594369110.713
YL;24;m;66;-1;-1.25;;-2.25;-3.25;1;2020_Jul_10_1116;haploAD;1;6;0.1;1.2;1.5;1.5;4.0;4.0;1;1024_600;15.0;15;0.0;0.0;5;3;10;50;50;45;9;0.0;30.0;274.729;275.592;1594369124.0538;1594369124.9163;1;5;0;1594369110.713
YL;24;m;66;-1;-1.25;;-2.25;-3.25;1;2020_Jul_10_1116;haploAD;1;6;0.1;1.2;1.5;1.5;4.0;4.0;1;1024_600;11;-19.0;0.0;0.0;5;3;10;50;50;46;10;30.0;30.0;275.749;276.984;1594369125.0742;1594369126.3086;1;7;0;1594369110.713
YL;24;m;66;-1;-1.25;;-2.25;-3.25;1;2020_Jul_10_1116;haploAD;1;6;0.1;1.2;1.5;1.5;4.0;4.0;1;1024_600;-5.0;25;0.0;0.0;5;3;10;50;50;47;11;30.0;30.0;277.133;278.428;1594369126.4576;1594369127.7525;1;7;1594369127.7525;1594369110.713
YL;24;m;66;-1;-1.25;;-2.25;-3.25;1;2020_Jul_10_1116;haploAD;1;6;0.1;1.2;1.5;1.5;4.0;4.0;1;1024_600;-22.0;8;0.0;0.0;19;4;1;25;25;48;0;30.0;30.0;296.42;299.425;1594369145.7444;1594369148.7489;1;7;0;1594369145.7444
YL;24;m;66;-1;-1.25;;-2.25;-3.25;1;2020_Jul_10_1116;haploAD;1;6;0.1;1.2;1.5;1.5;4.0;4.0;1;1024_600;-22.0;8;0.0;0.0;19;4;1;25;25;49;1;30.0;30.0;299.582;302.42;1594369148.9068;1594369151.7451;1;7;0;1594369145.7444
YL;24;m;66;-1;-1.25;;-2.25;-3.25;1;2020_Jul_10_1116;haploAD;1;6;0.1;1.2;1.5;1.5;4.0;4.0;1;1024_600;-24.0;-24;0.0;0.0;19;4;1;25;25;50;2;0.0;30.0;302.568;303.544;1594369151.8925;1594369152.8692;1;5;0;1594369145.7444
YL;24;m;66;-1;-1.25;;-2.25;-3.25;1;2020_Jul_10_1116;haploAD;1;6;0.1;1.2;1.5;1.5;4.0;4.0;1;1024_600;5;5.0;0.0;0.0;19;4;1;25;25;51;3;0.0;30.0;303.69;304.481;1594369153.0151;1594369153.8051;1;5;0;1594369145.7444
YL;24;m;66;-1;-1.25;;-2.25;-3.25;1;2020_Jul_10_1116;haploAD;1;6;0.1;1.2;1.5;1.5;4.0;4.0;1;1024_600;12.0;12;0.0;0.0;19;4;1;25;25;52;4;0.0;30.0;304.637;305.354;1594369153.961;1594369154.6793;1;5;0;1594369145.7444
YL;24;m;66;-1;-1.25;;-2.25;-3.25;1;2020_Jul_10_1116;haploAD;1;6;0.1;1.2;1.5;1.5;4.0;4.0;1;1024_600;-16.0;-16;0.0;0.0;19;4;1;25;25;53;5;0.0;30.0;305.511;306.321;1594369154.8362;1594369155.6458;1;5;0;1594369145.7444
YL;24;m;66;-1;-1.25;;-2.25;-3.25;1;2020_Jul_10_1116;haploAD;1;6;0.1;1.2;1.5;1.5;4.0;4.0;1;1024_600;-6.0;24;0.0;0.0;19;4;1;25;25;54;6;30.0;30.0;306.473;307.469;1594369155.7972;1594369156.7937;1;7;0;1594369145.7444
YL;24;m;66;-1;-1.25;;-2.25;-3.25;1;2020_Jul_10_1116;haploAD;1;6;0.1;1.2;1.5;1.5;4.0;4.0;1;1024_600;-6.0;-6;0.0;0.0;19;4;1;25;25;55;7;0.0;30.0;307.624;308.392;1594369156.9492;1594369157.7167;1;5;0;1594369145.7444
YL;24;m;66;-1;-1.25;;-2.25;-3.25;1;2020_Jul_10_1116;haploAD;1;6;0.1;1.2;1.5;1.5;4.0;4.0;1;1024_600;-11.0;-11;0.0;0.0;19;4;1;25;25;56;8;0.0;30.0;308.541;309.288;1594369157.866;1594369158.6126;1;5;0;1594369145.7444
YL;24;m;66;-1;-1.25;;-2.25;-3.25;1;2020_Jul_10_1116;haploAD;1;6;0.1;1.2;1.5;1.5;4.0;4.0;1;1024_600;-15;15.0;0.0;0.0;19;4;1;25;25;57;9;30.0;30.0;309.444;310.162;1594369158.7687;1594369159.4869;1;7;0;1594369145.7444
YL;24;m;66;-1;-1.25;;-2.25;-3.25;1;2020_Jul_10_1116;haploAD;1;6;0.1;1.2;1.5;1.5;4.0;4.0;1;1024_600;-20.0;10;0.0;0.0;19;4;1;25;25;58;10;30.0;30.0;310.318;311.47;1594369159.6428;1594369160.7942;1;7;0;1594369145.7444
YL;24;m;66;-1;-1.25;;-2.25;-3.25;1;2020_Jul_10_1116;haploAD;1;6;0.1;1.2;1.5;1.5;4.0;4.0;1;1024_600;-14;16.0;0.0;0.0;19;4;1;25;25;59;11;30.0;30.0;311.615;312.467;1594369160.9391;1594369161.7922;1;7;1594369161.7922;1594369145.7444
YL;24;m;66;-1;-1.25;;-2.25;-3.25;1;2020_Jul_10_1116;haploAD;1;6;0.1;1.2;1.5;1.5;4.0;4.0;1;1024_600;-23.0;7;0.0;0.0;15;5;4;25;50;60;0;30.0;30.0;331.811;333.713;1594369181.1365;1594369183.0379;1;7;0;1594369181.1365
YL;24;m;66;-1;-1.25;;-2.25;-3.25;1;2020_Jul_10_1116;haploAD;1;6;0.1;1.2;1.5;1.5;4.0;4.0;1;1024_600;16;-14.0;0.0;0.0;15;5;4;25;50;61;1;30.0;30.0;333.861;336.959;1594369183.1859;1594369186.2839;1;7;0;1594369181.1365
YL;24;m;66;-1;-1.25;;-2.25;-3.25;1;2020_Jul_10_1116;haploAD;1;6;0.1;1.2;1.5;1.5;4.0;4.0;1;1024_600;20;20.0;0.0;0.0;15;5;4;25;50;62;2;0.0;30.0;337.108;338.414;1594369186.4328;1594369187.7386;1;5;0;1594369181.1365
YL;24;m;66;-1;-1.25;;-2.25;-3.25;1;2020_Jul_10_1116;haploAD;1;6;0.1;1.2;1.5;1.5;4.0;4.0;1;1024_600;-10;-10.0;0.0;0.0;15;5;4;25;50;63;3;0.0;30.0;338.565;340.15;1594369187.8895;1594369189.4748;1;5;0;1594369181.1365
YL;24;m;66;-1;-1.25;;-2.25;-3.25;1;2020_Jul_10_1116;haploAD;1;6;0.1;1.2;1.5;1.5;4.0;4.0;1;1024_600;7.0;7;0.0;0.0;15;5;4;25;50;64;4;0.0;30.0;340.299;341.119;1594369189.6237;1594369190.4438;1;5;0;1594369181.1365
YL;24;m;66;-1;-1.25;;-2.25;-3.25;1;2020_Jul_10_1116;haploAD;1;6;0.1;1.2;1.5;1.5;4.0;4.0;1;1024_600;19;-11.0;0.0;0.0;15;5;4;25;50;65;5;30.0;30.0;341.275;342.085;1594369190.5997;1594369191.4098;0;5;0;1594369181.1365
YL;24;m;66;-1;-1.25;;-2.25;-3.25;1;2020_Jul_10_1116;haploAD;1;6;0.1;1.2;1.5;1.5;4.0;4.0;1;1024_600;14;14.0;0.0;0.0;15;5;4;25;50;66;6;0.0;30.0;342.236;342.88;1594369191.5607;1594369192.2049;1;5;0;1594369181.1365
YL;24;m;66;-1;-1.25;;-2.25;-3.25;1;2020_Jul_10_1116;haploAD;1;6;0.1;1.2;1.5;1.5;4.0;4.0;1;1024_600;14.0;14;0.0;0.0;15;5;4;25;50;67;7;0.0;30.0;343.037;344.374;1594369192.3619;1594369193.6988;1;5;0;1594369181.1365
YL;24;m;66;-1;-1.25;;-2.25;-3.25;1;2020_Jul_10_1116;haploAD;1;6;0.1;1.2;1.5;1.5;4.0;4.0;1;1024_600;23;-7.0;0.0;0.0;15;5;4;25;50;68;8;30.0;30.0;344.523;345.52;1594369193.8477;1594369194.8447;0;5;0;1594369181.1365
YL;24;m;66;-1;-1.25;;-2.25;-3.25;1;2020_Jul_10_1116;haploAD;1;6;0.1;1.2;1.5;1.5;4.0;4.0;1;1024_600;-16.0;14;0.0;0.0;15;5;4;25;50;69;9;30.0;30.0;345.674;347.539;1594369194.9986;1594369196.8637;1;7;0;1594369181.1365
YL;24;m;66;-1;-1.25;;-2.25;-3.25;1;2020_Jul_10_1116;haploAD;1;6;0.1;1.2;1.5;1.5;4.0;4.0;1;1024_600;25;-5.0;0.0;0.0;15;5;4;25;50;70;10;30.0;30.0;347.699;349.592;1594369197.0236;1594369198.9166;1;7;0;1594369181.1365
YL;24;m;66;-1;-1.25;;-2.25;-3.25;1;2020_Jul_10_1116;haploAD;1;6;0.1;1.2;1.5;1.5;4.0;4.0;1;1024_600;14.0;14;0.0;0.0;15;5;4;25;50;71;11;0.0;30.0;349.739;352.423;1594369199.0635;1594369201.7476;1;5;1594369201.7476;1594369181.1365
YL;24;m;66;-1;-1.25;;-2.25;-3.25;1;2020_Jul_10_1116;haploAD;1;6;0.1;1.2;1.5;1.5;4.0;4.0;1;1024_600;-21;-21.0;0.0;0.0;3;6;4;50;50;72;0;0.0;30.0;371.035;372.188;1594369220.3596;1594369221.5128;1;5;0;1594369220.3596
YL;24;m;66;-1;-1.25;;-2.25;-3.25;1;2020_Jul_10_1116;haploAD;1;6;0.1;1.2;1.5;1.5;4.0;4.0;1;1024_600;-19;11.0;0.0;0.0;3;6;4;50;50;73;1;30.0;30.0;372.347;373.115;1594369221.6717;1594369222.4393;1;7;0;1594369220.3596
YL;24;m;66;-1;-1.25;;-2.25;-3.25;1;2020_Jul_10_1116;haploAD;1;6;0.1;1.2;1.5;1.5;4.0;4.0;1;1024_600;-14.0;-14;0.0;0.0;3;6;4;50;50;74;2;0.0;30.0;373.265;374.002;1594369222.5892;1594369223.3267;1;5;0;1594369220.3596
YL;24;m;66;-1;-1.25;;-2.25;-3.25;1;2020_Jul_10_1116;haploAD;1;6;0.1;1.2;1.5;1.5;4.0;4.0;1;1024_600;-6.0;-6;0.0;0.0;3;6;4;50;50;75;3;0.0;30.0;374.153;374.861;1594369223.4786;1594369224.1862;1;5;0;1594369220.3596
YL;24;m;66;-1;-1.25;;-2.25;-3.25;1;2020_Jul_10_1116;haploAD;1;6;0.1;1.2;1.5;1.5;4.0;4.0;1;1024_600;-21;-21.0;0.0;0.0;3;6;4;50;50;76;4;0.0;30.0;375.027;375.682;1594369224.3521;1594369225.0067;1;5;0;1594369220.3596
YL;24;m;66;-1;-1.25;;-2.25;-3.25;1;2020_Jul_10_1116;haploAD;1;6;0.1;1.2;1.5;1.5;4.0;4.0;1;1024_600;11;-19.0;0.0;0.0;3;6;4;50;50;77;5;30.0;30.0;375.828;376.567;1594369225.1536;1594369225.8911;1;7;0;1594369220.3596
YL;24;m;66;-1;-1.25;;-2.25;-3.25;1;2020_Jul_10_1116;haploAD;1;6;0.1;1.2;1.5;1.5;4.0;4.0;1;1024_600;-5;-5.0;0.0;0.0;3;6;4;50;50;78;6;0.0;30.0;376.717;377.403;1594369226.042;1594369226.7286;1;5;0;1594369220.3596
YL;24;m;66;-1;-1.25;;-2.25;-3.25;1;2020_Jul_10_1116;haploAD;1;6;0.1;1.2;1.5;1.5;4.0;4.0;1;1024_600;-9;21.0;0.0;0.0;3;6;4;50;50;79;7;30.0;30.0;377.562;378.197;1594369226.8865;1594369227.5211;1;7;0;1594369220.3596
YL;24;m;66;-1;-1.25;;-2.25;-3.25;1;2020_Jul_10_1116;haploAD;1;6;0.1;1.2;1.5;1.5;4.0;4.0;1;1024_600;8.0;-22;0.0;0.0;3;6;4;50;50;80;8;30.0;30.0;378.349;380.141;1594369227.673;1594369229.4662;1;7;0;1594369220.3596
YL;24;m;66;-1;-1.25;;-2.25;-3.25;1;2020_Jul_10_1116;haploAD;1;6;0.1;1.2;1.5;1.5;4.0;4.0;1;1024_600;-20;10.0;0.0;0.0;3;6;4;50;50;81;9;30.0;30.0;380.286;382.245;1594369229.6112;1594369231.5699;1;7;0;1594369220.3596
YL;24;m;66;-1;-1.25;;-2.25;-3.25;1;2020_Jul_10_1116;haploAD;1;6;0.1;1.2;1.5;1.5;4.0;4.0;1;1024_600;25.0;25;0.0;0.0;3;6;4;50;50;82;10;0.0;30.0;382.399;383.135;1594369231.7238;1594369232.4594;1;5;0;1594369220.3596
YL;24;m;66;-1;-1.25;;-2.25;-3.25;1;2020_Jul_10_1116;haploAD;1;6;0.1;1.2;1.5;1.5;4.0;4.0;1;1024_600;-24.0;6;0.0;0.0;3;6;4;50;50;83;11;30.0;30.0;383.287;383.974;1594369232.6123;1594369233.2986;1;7;1594369233.2986;1594369220.3596
YL;24;m;66;-1;-1.25;;-2.25;-3.25;1;2020_Jul_10_1116;haploAD;1;6;0.1;1.2;1.5;1.5;4.0;4.0;1;1024_600;-5;-5.0;0.0;0.0;2;7;4;50;50;84;0;0.0;15.0;388.307;389.327;1594369237.6312;1594369238.6511;1;5;0;1594369237.6312
YL;24;m;66;-1;-1.25;;-2.25;-3.25;1;2020_Jul_10_1116;haploAD;1;6;0.1;1.2;1.5;1.5;4.0;4.0;1;1024_600;7;7.0;0.0;0.0;2;7;4;50;50;85;1;0.0;15.0;389.479;390.288;1594369238.804;1594369239.6132;1;5;0;1594369237.6312
YL;24;m;66;-1;-1.25;;-2.25;-3.25;1;2020_Jul_10_1116;haploAD;1;6;0.1;1.2;1.5;1.5;4.0;4.0;1;1024_600;-7;-7.0;0.0;0.0;2;7;4;50;50;86;2;0.0;15.0;390.44;391.261;1594369239.7651;1594369240.5852;1;5;0;1594369237.6312
YL;24;m;66;-1;-1.25;;-2.25;-3.25;1;2020_Jul_10_1116;haploAD;1;6;0.1;1.2;1.5;1.5;4.0;4.0;1;1024_600;-9.0;6;0.0;0.0;2;7;4;50;50;87;3;15.0;15.0;391.416;392.268;1594369240.7411;1594369241.5931;1;7;0;1594369237.6312
YL;24;m;66;-1;-1.25;;-2.25;-3.25;1;2020_Jul_10_1116;haploAD;1;6;0.1;1.2;1.5;1.5;4.0;4.0;1;1024_600;-10.0;-10;0.0;0.0;2;7;4;50;50;88;4;0.0;15.0;392.421;393.158;1594369241.746;1594369242.4832;1;5;0;1594369237.6312
YL;24;m;66;-1;-1.25;;-2.25;-3.25;1;2020_Jul_10_1116;haploAD;1;6;0.1;1.2;1.5;1.5;4.0;4.0;1;1024_600;-9;6.0;0.0;0.0;2;7;4;50;50;89;5;15.0;15.0;393.31;395.733;1594369242.6341;1594369245.058;1;7;0;1594369237.6312
YL;24;m;66;-1;-1.25;;-2.25;-3.25;1;2020_Jul_10_1116;haploAD;1;6;0.1;1.2;1.5;1.5;4.0;4.0;1;1024_600;5.0;-10;0.0;0.0;2;7;4;50;50;90;6;15.0;15.0;395.888;396.895;1594369245.2135;1594369246.2204;0;5;0;1594369237.6312
YL;24;m;66;-1;-1.25;;-2.25;-3.25;1;2020_Jul_10_1116;haploAD;1;6;0.1;1.2;1.5;1.5;4.0;4.0;1;1024_600;-5.0;-5;0.0;0.0;2;7;4;50;50;91;7;0.0;15.0;397.054;397.823;1594369246.3783;1594369247.1478;1;5;0;1594369237.6312
YL;24;m;66;-1;-1.25;;-2.25;-3.25;1;2020_Jul_10_1116;haploAD;1;6;0.1;1.2;1.5;1.5;4.0;4.0;1;1024_600;7;7.0;0.0;0.0;2;7;4;50;50;92;8;0.0;15.0;397.971;398.894;1594369247.2957;1594369248.2188;1;5;0;1594369237.6312
YL;24;m;66;-1;-1.25;;-2.25;-3.25;1;2020_Jul_10_1116;haploAD;1;6;0.1;1.2;1.5;1.5;4.0;4.0;1;1024_600;-5;10.0;0.0;0.0;2;7;4;50;50;93;9;15.0;15.0;399.049;400.646;1594369248.3737;1594369249.971;1;7;0;1594369237.6312
YL;24;m;66;-1;-1.25;;-2.25;-3.25;1;2020_Jul_10_1116;haploAD;1;6;0.1;1.2;1.5;1.5;4.0;4.0;1;1024_600;-5;10.0;0.0;0.0;2;7;4;50;50;94;10;15.0;15.0;400.798;402.517;1594369250.1219;1594369251.842;1;7;0;1594369237.6312
YL;24;m;66;-1;-1.25;;-2.25;-3.25;1;2020_Jul_10_1116;haploAD;1;6;0.1;1.2;1.5;1.5;4.0;4.0;1;1024_600;9.0;-6;0.0;0.0;2;7;4;50;50;95;11;15.0;15.0;402.662;404.125;1594369251.9869;1594369253.4492;0;5;1594369253.4492;1594369237.6312
YL;24;m;66;-1;-1.25;;-2.25;-3.25;1;2020_Jul_10_1116;haploAD;1;6;0.1;1.2;1.5;1.5;4.0;4.0;1;1024_600;10.0;10;0.0;0.0;4;8;10;50;50;96;0;0.0;15.0;407.594;410.071;1594369256.9198;1594369259.396;1;5;0;1594369256.9198
YL;24;m;66;-1;-1.25;;-2.25;-3.25;1;2020_Jul_10_1116;haploAD;1;6;0.1;1.2;1.5;1.5;4.0;4.0;1;1024_600;5.0;5;0.0;0.0;4;8;10;50;50;97;1;0.0;15.0;410.223;411.045;1594369259.5479;1594369260.37;1;5;0;1594369256.9198
YL;24;m;66;-1;-1.25;;-2.25;-3.25;1;2020_Jul_10_1116;haploAD;1;6;0.1;1.2;1.5;1.5;4.0;4.0;1;1024_600;6.0;-9;0.0;0.0;4;8;10;50;50;98;2;15.0;15.0;411.199;412.122;1594369260.5239;1594369261.4474;0;5;0;1594369256.9198
YL;24;m;66;-1;-1.25;;-2.25;-3.25;1;2020_Jul_10_1116;haploAD;1;6;0.1;1.2;1.5;1.5;4.0;4.0;1;1024_600;5;-10.0;0.0;0.0;4;8;10;50;50;99;3;15.0;15.0;412.277;413.17;1594369261.6013;1594369262.4949;0;5;0;1594369256.9198
YL;24;m;66;-1;-1.25;;-2.25;-3.25;1;2020_Jul_10_1116;haploAD;1;6;0.1;1.2;1.5;1.5;4.0;4.0;1;1024_600;7.0;7;0.0;0.0;4;8;10;50;50;100;4;0.0;15.0;413.326;414.228;1594369262.6508;1594369263.5528;1;5;0;1594369256.9198
YL;24;m;66;-1;-1.25;;-2.25;-3.25;1;2020_Jul_10_1116;haploAD;1;6;0.1;1.2;1.5;1.5;4.0;4.0;1;1024_600;-10;-10.0;0.0;0.0;4;8;10;50;50;101;5;0.0;15.0;414.375;415.989;1594369263.6997;1594369265.3144;1;5;0;1594369256.9198
YL;24;m;66;-1;-1.25;;-2.25;-3.25;1;2020_Jul_10_1116;haploAD;1;6;0.1;1.2;1.5;1.5;4.0;4.0;1;1024_600;9.0;-6;0.0;0.0;4;8;10;50;50;102;6;15.0;15.0;416.137;418.272;1594369265.4623;1594369267.5968;0;5;0;1594369256.9198
YL;24;m;66;-1;-1.25;;-2.25;-3.25;1;2020_Jul_10_1116;haploAD;1;6;0.1;1.2;1.5;1.5;4.0;4.0;1;1024_600;10;-5.0;0.0;0.0;4;8;10;50;50;103;7;15.0;15.0;418.424;419.318;1594369267.7488;1594369268.6422;0;5;0;1594369256.9198
YL;24;m;66;-1;-1.25;;-2.25;-3.25;1;2020_Jul_10_1116;haploAD;1;6;0.1;1.2;1.5;1.5;4.0;4.0;1;1024_600;8.0;8;0.0;0.0;4;8;10;50;50;104;8;0.0;15.0;419.473;420.365;1594369268.7978;1594369269.6899;1;5;0;1594369256.9198
YL;24;m;66;-1;-1.25;;-2.25;-3.25;1;2020_Jul_10_1116;haploAD;1;6;0.1;1.2;1.5;1.5;4.0;4.0;1;1024_600;-9;6.0;0.0;0.0;4;8;10;50;50;105;9;15.0;15.0;420.522;422.654;1594369269.8468;1594369271.9787;1;7;0;1594369256.9198
YL;24;m;66;-1;-1.25;;-2.25;-3.25;1;2020_Jul_10_1116;haploAD;1;6;0.1;1.2;1.5;1.5;4.0;4.0;1;1024_600;6;6.0;0.0;0.0;4;8;10;50;50;106;10;0.0;15.0;422.81;423.764;1594369272.1346;1594369273.0885;1;5;0;1594369256.9198
YL;24;m;66;-1;-1.25;;-2.25;-3.25;1;2020_Jul_10_1116;haploAD;1;6;0.1;1.2;1.5;1.5;4.0;4.0;1;1024_600;8;-7.0;0.0;0.0;4;8;10;50;50;107;11;15.0;15.0;423.917;426.038;1594369273.2414;1594369275.3624;1;7;1594369275.3624;1594369256.9198
YL;24;m;66;-1;-1.25;;-2.25;-3.25;1;2020_Jul_10_1116;haploAD;1;6;0.1;1.2;1.5;1.5;4.0;4.0;1;1024_600;6;6.0;0.0;0.0;13;9;1;25;50;108;0;0.0;30.0;445.09;446.226;1594369294.4152;1594369295.5501;1;5;0;1594369294.4152
YL;24;m;66;-1;-1.25;;-2.25;-3.25;1;2020_Jul_10_1116;haploAD;1;6;0.1;1.2;1.5;1.5;4.0;4.0;1;1024_600;20;20.0;0.0;0.0;13;9;1;25;50;109;1;0.0;30.0;446.381;447.678;1594369295.706;1594369297.0029;1;5;0;1594369294.4152
YL;24;m;66;-1;-1.25;;-2.25;-3.25;1;2020_Jul_10_1116;haploAD;1;6;0.1;1.2;1.5;1.5;4.0;4.0;1;1024_600;22;22.0;0.0;0.0;13;9;1;25;50;110;2;0.0;30.0;447.822;450.746;1594369297.147;1594369300.0702;1;5;0;1594369294.4152
YL;24;m;66;-1;-1.25;;-2.25;-3.25;1;2020_Jul_10_1116;haploAD;1;6;0.1;1.2;1.5;1.5;4.0;4.0;1;1024_600;-23.0;7;0.0;0.0;13;9;1;25;50;111;3;30.0;30.0;450.896;451.656;1594369300.2212;1594369300.9807;0;5;0;1594369294.4152
YL;24;m;66;-1;-1.25;;-2.25;-3.25;1;2020_Jul_10_1116;haploAD;1;6;0.1;1.2;1.5;1.5;4.0;4.0;1;1024_600;-6;-6.0;0.0;0.0;13;9;1;25;50;112;4;0.0;30.0;451.813;452.678;1594369301.1382;1594369302.0032;1;5;0;1594369294.4152
YL;24;m;66;-1;-1.25;;-2.25;-3.25;1;2020_Jul_10_1116;haploAD;1;6;0.1;1.2;1.5;1.5;4.0;4.0;1;1024_600;-22.0;-22;0.0;0.0;13;9;1;25;50;113;5;0.0;30.0;452.833;453.609;1594369302.1581;1594369302.9336;1;5;0;1594369294.4152
YL;24;m;66;-1;-1.25;;-2.25;-3.25;1;2020_Jul_10_1116;haploAD;1;6;0.1;1.2;1.5;1.5;4.0;4.0;1;1024_600;5.0;5;0.0;0.0;13;9;1;25;50;114;6;0.0;30.0;453.766;454.67;1594369303.0906;1594369303.9946;1;5;0;1594369294.4152
YL;24;m;66;-1;-1.25;;-2.25;-3.25;1;2020_Jul_10_1116;haploAD;1;6;0.1;1.2;1.5;1.5;4.0;4.0;1;1024_600;-16;14.0;0.0;0.0;13;9;1;25;50;115;7;30.0;30.0;454.815;455.657;1594369304.1396;1594369304.9821;0;5;0;1594369294.4152
YL;24;m;66;-1;-1.25;;-2.25;-3.25;1;2020_Jul_10_1116;haploAD;1;6;0.1;1.2;1.5;1.5;4.0;4.0;1;1024_600;-14.0;16;0.0;0.0;13;9;1;25;50;116;8;30.0;30.0;455.805;456.533;1594369305.13;1594369305.8582;0;5;0;1594369294.4152
YL;24;m;66;-1;-1.25;;-2.25;-3.25;1;2020_Jul_10_1116;haploAD;1;6;0.1;1.2;1.5;1.5;4.0;4.0;1;1024_600;-20.0;10;0.0;0.0;13;9;1;25;50;117;9;30.0;30.0;456.694;458.044;1594369306.0183;1594369307.3686;1;7;0;1594369294.4152
YL;24;m;66;-1;-1.25;;-2.25;-3.25;1;2020_Jul_10_1116;haploAD;1;6;0.1;1.2;1.5;1.5;4.0;4.0;1;1024_600;12;-18.0;0.0;0.0;13;9;1;25;50;118;10;30.0;30.0;458.194;459.172;1594369307.5195;1594369308.4965;0;5;0;1594369294.4152
YL;24;m;66;-1;-1.25;;-2.25;-3.25;1;2020_Jul_10_1116;haploAD;1;6;0.1;1.2;1.5;1.5;4.0;4.0;1;1024_600;-12.0;18;0.0;0.0;13;9;1;25;50;119;11;30.0;30.0;459.316;460.179;1594369308.6405;1594369309.5041;0;5;1594369309.5041;1594369294.4152
YL;24;m;66;-1;-1.25;;-2.25;-3.25;1;2020_Jul_10_1116;haploAD;1;6;0.1;1.2;1.5;1.5;4.0;4.0;1;1024_600;-5;-5.0;0.0;0.0;20;10;4;25;25;120;0;0.0;15.0;478.946;479.958;1594369328.2702;1594369329.2826;1;5;0;1594369328.2702
YL;24;m;66;-1;-1.25;;-2.25;-3.25;1;2020_Jul_10_1116;haploAD;1;6;0.1;1.2;1.5;1.5;4.0;4.0;1;1024_600;5;5.0;0.0;0.0;20;10;4;25;25;121;1;0.0;15.0;480.105;480.876;1594369329.4295;1594369330.201;1;5;0;1594369328.2702
YL;24;m;66;-1;-1.25;;-2.25;-3.25;1;2020_Jul_10_1116;haploAD;1;6;0.1;1.2;1.5;1.5;4.0;4.0;1;1024_600;-8.0;7;0.0;0.0;20;10;4;25;25;122;2;15.0;15.0;481.023;483.241;1594369330.3479;1594369332.5655;1;7;0;1594369328.2702
YL;24;m;66;-1;-1.25;;-2.25;-3.25;1;2020_Jul_10_1116;haploAD;1;6;0.1;1.2;1.5;1.5;4.0;4.0;1;1024_600;-7.0;-7;0.0;0.0;20;10;4;25;25;123;3;0.0;15.0;483.397;484.167;1594369332.7224;1594369333.4911;1;5;0;1594369328.2702
YL;24;m;66;-1;-1.25;;-2.25;-3.25;1;2020_Jul_10_1116;haploAD;1;6;0.1;1.2;1.5;1.5;4.0;4.0;1;1024_600;8.0;-7;0.0;0.0;20;10;4;25;25;124;4;15.0;15.0;484.315;485.219;1594369333.64;1594369334.5435;0;5;0;1594369328.2702
YL;24;m;66;-1;-1.25;;-2.25;-3.25;1;2020_Jul_10_1116;haploAD;1;6;0.1;1.2;1.5;1.5;4.0;4.0;1;1024_600;-8.0;-8;0.0;0.0;20;10;4;25;25;125;5;0.0;15.0;485.379;486.24;1594369334.7036;1594369335.5644;1;5;0;1594369328.2702
YL;24;m;66;-1;-1.25;;-2.25;-3.25;1;2020_Jul_10_1116;haploAD;1;6;0.1;1.2;1.5;1.5;4.0;4.0;1;1024_600;-8;7.0;0.0;0.0;20;10;4;25;25;126;6;15.0;15.0;486.399;487.634;1594369335.7233;1594369336.9586;1;7;0;1594369328.2702
YL;24;m;66;-1;-1.25;;-2.25;-3.25;1;2020_Jul_10_1116;haploAD;1;6;0.1;1.2;1.5;1.5;4.0;4.0;1;1024_600;8.0;-7;0.0;0.0;20;10;4;25;25;127;7;15.0;15.0;487.782;488.869;1594369337.1076;1594369338.194;0;5;0;1594369328.2702
YL;24;m;66;-1;-1.25;;-2.25;-3.25;1;2020_Jul_10_1116;haploAD;1;6;0.1;1.2;1.5;1.5;4.0;4.0;1;1024_600;-5.0;-5;0.0;0.0;20;10;4;25;25;128;8;0.0;15.0;489.021;489.871;1594369338.346;1594369339.1956;1;5;0;1594369328.2702
YL;24;m;66;-1;-1.25;;-2.25;-3.25;1;2020_Jul_10_1116;haploAD;1;6;0.1;1.2;1.5;1.5;4.0;4.0;1;1024_600;9.0;-6;0.0;0.0;20;10;4;25;25;129;9;15.0;15.0;490.026;491.362;1594369339.3516;1594369340.6864;0;5;0;1594369328.2702
YL;24;m;66;-1;-1.25;;-2.25;-3.25;1;2020_Jul_10_1116;haploAD;1;6;0.1;1.2;1.5;1.5;4.0;4.0;1;1024_600;-8;-8.0;0.0;0.0;20;10;4;25;25;130;10;0.0;15.0;491.513;492.27;1594369340.8372;1594369341.5945;1;5;0;1594369328.2702
YL;24;m;66;-1;-1.25;;-2.25;-3.25;1;2020_Jul_10_1116;haploAD;1;6;0.1;1.2;1.5;1.5;4.0;4.0;1;1024_600;-10;5.0;0.0;0.0;20;10;4;25;25;131;11;15.0;15.0;492.43;493.693;1594369341.7546;1594369343.0176;1;7;1594369343.0176;1594369328.2702
YL;24;m;66;-1;-1.25;;-2.25;-3.25;1;2020_Jul_10_1116;haploAD;1;6;0.1;1.2;1.5;1.5;4.0;4.0;1;1024_600;-9.0;21;0.0;0.0;1;11;1;50;50;132;0;30.0;30.0;506.441;508.674;1594369355.7661;1594369357.9987;1;7;0;1594369355.7661
YL;24;m;66;-1;-1.25;;-2.25;-3.25;1;2020_Jul_10_1116;haploAD;1;6;0.1;1.2;1.5;1.5;4.0;4.0;1;1024_600;-22.0;8;0.0;0.0;1;11;1;50;50;133;1;30.0;30.0;508.852;509.708;1594369358.1766;1594369359.0331;1;7;0;1594369355.7661
YL;24;m;66;-1;-1.25;;-2.25;-3.25;1;2020_Jul_10_1116;haploAD;1;6;0.1;1.2;1.5;1.5;4.0;4.0;1;1024_600;16;16.0;0.0;0.0;1;11;1;50;50;134;2;0.0;30.0;509.885;510.659;1594369359.2101;1594369359.9837;1;5;0;1594369355.7661
YL;24;m;66;-1;-1.25;;-2.25;-3.25;1;2020_Jul_10_1116;haploAD;1;6;0.1;1.2;1.5;1.5;4.0;4.0;1;1024_600;-8.0;-8;0.0;0.0;1;11;1;50;50;135;3;0.0;30.0;510.814;511.417;1594369360.1386;1594369360.7413;1;5;0;1594369355.7661
YL;24;m;66;-1;-1.25;;-2.25;-3.25;1;2020_Jul_10_1116;haploAD;1;6;0.1;1.2;1.5;1.5;4.0;4.0;1;1024_600;8;-22.0;0.0;0.0;1;11;1;50;50;136;4;30.0;30.0;511.571;512.973;1594369360.8962;1594369362.2982;0;5;0;1594369355.7661
YL;24;m;66;-1;-1.25;;-2.25;-3.25;1;2020_Jul_10_1116;haploAD;1;6;0.1;1.2;1.5;1.5;4.0;4.0;1;1024_600;-11.0;-11;0.0;0.0;1;11;1;50;50;137;5;0.0;30.0;513.131;513.868;1594369362.4552;1594369363.1928;1;5;0;1594369355.7661
YL;24;m;66;-1;-1.25;;-2.25;-3.25;1;2020_Jul_10_1116;haploAD;1;6;0.1;1.2;1.5;1.5;4.0;4.0;1;1024_600;-15.0;15;0.0;0.0;1;11;1;50;50;138;6;30.0;30.0;514.02;515.885;1594369363.3448;1594369365.2098;0;5;0;1594369355.7661
YL;24;m;66;-1;-1.25;;-2.25;-3.25;1;2020_Jul_10_1116;haploAD;1;6;0.1;1.2;1.5;1.5;4.0;4.0;1;1024_600;16;16.0;0.0;0.0;1;11;1;50;50;139;7;0.0;30.0;516.044;516.822;1594369365.3697;1594369366.1468;1;5;0;1594369355.7661
YL;24;m;66;-1;-1.25;;-2.25;-3.25;1;2020_Jul_10_1116;haploAD;1;6;0.1;1.2;1.5;1.5;4.0;4.0;1;1024_600;-7;-7.0;0.0;0.0;1;11;1;50;50;140;8;0.0;30.0;516.977;517.775;1594369366.3018;1594369367.1001;1;5;0;1594369355.7661
YL;24;m;66;-1;-1.25;;-2.25;-3.25;1;2020_Jul_10_1116;haploAD;1;6;0.1;1.2;1.5;1.5;4.0;4.0;1;1024_600;-10.0;-10;0.0;0.0;1;11;1;50;50;141;9;0.0;30.0;517.924;518.61;1594369367.248;1594369367.9348;1;5;0;1594369355.7661
YL;24;m;66;-1;-1.25;;-2.25;-3.25;1;2020_Jul_10_1116;haploAD;1;6;0.1;1.2;1.5;1.5;4.0;4.0;1;1024_600;14;-16.0;0.0;0.0;1;11;1;50;50;142;10;30.0;30.0;518.769;520.251;1594369368.0937;1594369369.5764;1;7;0;1594369355.7661
YL;24;m;66;-1;-1.25;;-2.25;-3.25;1;2020_Jul_10_1116;haploAD;1;6;0.1;1.2;1.5;1.5;4.0;4.0;1;1024_600;20;-10.0;0.0;0.0;1;11;1;50;50;143;11;30.0;30.0;520.4;521.739;1594369369.7253;1594369371.0636;1;7;1594369371.0636;1594369355.7661
YL;24;m;66;-1;-1.25;;-2.25;-3.25;1;2020_Jul_10_1116;haploAD;1;6;0.1;1.2;1.5;1.5;4.0;4.0;1;1024_600;-5.0;10;0.0;0.0;12;12;1;25;50;144;0;15.0;15.0;539.457;543.279;1594369388.7811;1594369392.6034;1;7;0;1594369388.7811
YL;24;m;66;-1;-1.25;;-2.25;-3.25;1;2020_Jul_10_1116;haploAD;1;6;0.1;1.2;1.5;1.5;4.0;4.0;1;1024_600;-8.0;7;0.0;0.0;12;12;1;25;50;145;1;15.0;15.0;543.432;545.33;1594369392.7573;1594369394.6551;1;7;0;1594369388.7811
YL;24;m;66;-1;-1.25;;-2.25;-3.25;1;2020_Jul_10_1116;haploAD;1;6;0.1;1.2;1.5;1.5;4.0;4.0;1;1024_600;9;9.0;0.0;0.0;12;12;1;25;50;146;2;0.0;15.0;545.486;546.555;1594369394.8112;1594369395.8796;1;5;0;1594369388.7811
YL;24;m;66;-1;-1.25;;-2.25;-3.25;1;2020_Jul_10_1116;haploAD;1;6;0.1;1.2;1.5;1.5;4.0;4.0;1;1024_600;-9;6.0;0.0;0.0;12;12;1;25;50;147;3;15.0;15.0;546.71;547.622;1594369396.0346;1594369396.9469;0;5;0;1594369388.7811
YL;24;m;66;-1;-1.25;;-2.25;-3.25;1;2020_Jul_10_1116;haploAD;1;6;0.1;1.2;1.5;1.5;4.0;4.0;1;1024_600;-7;-7.0;0.0;0.0;12;12;1;25;50;148;4;0.0;15.0;547.774;548.686;1594369397.098;1594369398.0114;1;5;0;1594369388.7811
YL;24;m;66;-1;-1.25;;-2.25;-3.25;1;2020_Jul_10_1116;haploAD;1;6;0.1;1.2;1.5;1.5;4.0;4.0;1;1024_600;10.0;10;0.0;0.0;12;12;1;25;50;149;5;0.0;15.0;548.836;549.652;1594369398.1614;1594369398.9768;1;5;0;1594369388.7811
YL;24;m;66;-1;-1.25;;-2.25;-3.25;1;2020_Jul_10_1116;haploAD;1;6;0.1;1.2;1.5;1.5;4.0;4.0;1;1024_600;5.0;5;0.0;0.0;12;12;1;25;50;150;6;0.0;15.0;549.798;550.669;1594369399.1228;1594369399.9934;1;5;0;1594369388.7811
YL;24;m;66;-1;-1.25;;-2.25;-3.25;1;2020_Jul_10_1116;haploAD;1;6;0.1;1.2;1.5;1.5;4.0;4.0;1;1024_600;8;-7.0;0.0;0.0;12;12;1;25;50;151;7;15.0;15.0;550.817;551.607;1594369400.1414;1594369400.9317;0;5;0;1594369388.7811
YL;24;m;66;-1;-1.25;;-2.25;-3.25;1;2020_Jul_10_1116;haploAD;1;6;0.1;1.2;1.5;1.5;4.0;4.0;1;1024_600;-9.0;-9;0.0;0.0;12;12;1;25;50;152;8;0.0;15.0;551.764;552.895;1594369401.0886;1594369402.22;1;5;0;1594369388.7811
YL;24;m;66;-1;-1.25;;-2.25;-3.25;1;2020_Jul_10_1116;haploAD;1;6;0.1;1.2;1.5;1.5;4.0;4.0;1;1024_600;10.0;10;0.0;0.0;12;12;1;25;50;153;9;0.0;15.0;553.046;553.886;1594369402.3709;1594369403.211;1;5;0;1594369388.7811
YL;24;m;66;-1;-1.25;;-2.25;-3.25;1;2020_Jul_10_1116;haploAD;1;6;0.1;1.2;1.5;1.5;4.0;4.0;1;1024_600;8;-7.0;0.0;0.0;12;12;1;25;50;154;10;15.0;15.0;554.036;554.951;1594369403.361;1594369404.276;0;5;0;1594369388.7811
YL;24;m;66;-1;-1.25;;-2.25;-3.25;1;2020_Jul_10_1116;haploAD;1;6;0.1;1.2;1.5;1.5;4.0;4.0;1;1024_600;-5;10.0;0.0;0.0;12;12;1;25;50;155;11;15.0;15.0;555.1;556.743;1594369404.425;1594369406.0678;1;7;1594369406.0678;1594369388.7811
YL;24;m;66;-1;-1.25;;-2.25;-3.25;1;2020_Jul_10_1116;haploAD;1;6;0.1;1.2;1.5;1.5;4.0;4.0;1;1024_600;-16.0;-16;0.0;0.0;7;13;1;50;25;156;0;0.0;30.0;570.753;573.211;1594369420.0777;1594369422.536;1;5;0;1594369420.0777
YL;24;m;66;-1;-1.25;;-2.25;-3.25;1;2020_Jul_10_1116;haploAD;1;6;0.1;1.2;1.5;1.5;4.0;4.0;1;1024_600;13.0;-17;0.0;0.0;7;13;1;50;25;157;1;30.0;30.0;573.369;574.136;1594369422.6935;1594369423.4601;0;5;0;1594369420.0777
YL;24;m;66;-1;-1.25;;-2.25;-3.25;1;2020_Jul_10_1116;haploAD;1;6;0.1;1.2;1.5;1.5;4.0;4.0;1;1024_600;12;12.0;0.0;0.0;7;13;1;50;25;158;2;0.0;30.0;574.285;575.043;1594369423.61;1594369424.3673;1;5;0;1594369420.0777
YL;24;m;66;-1;-1.25;;-2.25;-3.25;1;2020_Jul_10_1116;haploAD;1;6;0.1;1.2;1.5;1.5;4.0;4.0;1;1024_600;-5.0;-5;0.0;0.0;7;13;1;50;25;159;3;0.0;30.0;575.189;575.844;1594369424.5132;1594369425.1691;1;5;0;1594369420.0777
YL;24;m;66;-1;-1.25;;-2.25;-3.25;1;2020_Jul_10_1116;haploAD;1;6;0.1;1.2;1.5;1.5;4.0;4.0;1;1024_600;-24.0;6;0.0;0.0;7;13;1;50;25;160;4;30.0;30.0;575.99;578.06;1594369425.314;1594369427.3846;1;7;0;1594369420.0777
YL;24;m;66;-1;-1.25;;-2.25;-3.25;1;2020_Jul_10_1116;haploAD;1;6;0.1;1.2;1.5;1.5;4.0;4.0;1;1024_600;10.0;-20;0.0;0.0;7;13;1;50;25;161;5;30.0;30.0;578.219;578.883;1594369427.5431;1594369428.2083;0;5;0;1594369420.0777
YL;24;m;66;-1;-1.25;;-2.25;-3.25;1;2020_Jul_10_1116;haploAD;1;6;0.1;1.2;1.5;1.5;4.0;4.0;1;1024_600;-16;14.0;0.0;0.0;7;13;1;50;25;162;6;30.0;30.0;579.034;579.898;1594369428.3592;1594369429.2228;1;7;0;1594369420.0777
YL;24;m;66;-1;-1.25;;-2.25;-3.25;1;2020_Jul_10_1116;haploAD;1;6;0.1;1.2;1.5;1.5;4.0;4.0;1;1024_600;-8;-8.0;0.0;0.0;7;13;1;50;25;163;7;0.0;30.0;580.054;580.844;1594369429.3787;1594369430.1693;1;5;0;1594369420.0777
YL;24;m;66;-1;-1.25;;-2.25;-3.25;1;2020_Jul_10_1116;haploAD;1;6;0.1;1.2;1.5;1.5;4.0;4.0;1;1024_600;-19;11.0;0.0;0.0;7;13;1;50;25;164;8;30.0;30.0;581.016;582.436;1594369430.3408;1594369431.761;1;7;0;1594369420.0777
YL;24;m;66;-1;-1.25;;-2.25;-3.25;1;2020_Jul_10_1116;haploAD;1;6;0.1;1.2;1.5;1.5;4.0;4.0;1;1024_600;14.0;-16;0.0;0.0;7;13;1;50;25;165;9;30.0;30.0;582.589;583.348;1594369431.9139;1594369432.6726;0;5;0;1594369420.0777
YL;24;m;66;-1;-1.25;;-2.25;-3.25;1;2020_Jul_10_1116;haploAD;1;6;0.1;1.2;1.5;1.5;4.0;4.0;1;1024_600;17.0;17;0.0;0.0;7;13;1;50;25;166;10;0.0;30.0;583.507;584.245;1594369432.832;1594369433.5696;1;5;0;1594369420.0777
YL;24;m;66;-1;-1.25;;-2.25;-3.25;1;2020_Jul_10_1116;haploAD;1;6;0.1;1.2;1.5;1.5;4.0;4.0;1;1024_600;-18;-18.0;0.0;0.0;7;13;1;50;25;167;11;0.0;30.0;584.395;585.186;1594369433.7201;1594369434.5109;1;5;1594369434.5109;1594369420.0777
YL;24;m;66;-1;-1.25;;-2.25;-3.25;1;2020_Jul_10_1116;haploAD;1;6;0.1;1.2;1.5;1.5;4.0;4.0;1;1024_600;-5.0;-5;0.0;0.0;14;14;4;25;50;168;0;0.0;15.0;597.92;599.19;1594369447.2448;1594369448.5146;1;5;0;1594369447.2448
YL;24;m;66;-1;-1.25;;-2.25;-3.25;1;2020_Jul_10_1116;haploAD;1;6;0.1;1.2;1.5;1.5;4.0;4.0;1;1024_600;-9.0;-9;0.0;0.0;14;14;4;25;50;169;1;0.0;15.0;599.342;601.32;1594369448.6666;1594369450.6447;1;5;0;1594369447.2448
YL;24;m;66;-1;-1.25;;-2.25;-3.25;1;2020_Jul_10_1116;haploAD;1;6;0.1;1.2;1.5;1.5;4.0;4.0;1;1024_600;6.0;-9;0.0;0.0;14;14;4;25;50;170;2;15.0;15.0;601.469;602.267;1594369450.7936;1594369451.5919;1;7;0;1594369447.2448
YL;24;m;66;-1;-1.25;;-2.25;-3.25;1;2020_Jul_10_1116;haploAD;1;6;0.1;1.2;1.5;1.5;4.0;4.0;1;1024_600;-5.0;10;0.0;0.0;14;14;4;25;50;171;3;15.0;15.0;602.415;604.82;1594369451.7399;1594369454.1447;1;7;0;1594369447.2448
YL;24;m;66;-1;-1.25;;-2.25;-3.25;1;2020_Jul_10_1116;haploAD;1;6;0.1;1.2;1.5;1.5;4.0;4.0;1;1024_600;9.0;-6;0.0;0.0;14;14;4;25;50;172;4;15.0;15.0;604.979;608.93;1594369454.3046;1594369458.2554;1;7;0;1594369447.2448
YL;24;m;66;-1;-1.25;;-2.25;-3.25;1;2020_Jul_10_1116;haploAD;1;6;0.1;1.2;1.5;1.5;4.0;4.0;1;1024_600;7.0;-8;0.0;0.0;14;14;4;25;50;173;5;15.0;15.0;609.088;616.661;1594369458.4131;1594369465.986;1;7;0;1594369447.2448
YL;24;m;66;-1;-1.25;;-2.25;-3.25;1;2020_Jul_10_1116;haploAD;1;6;0.1;1.2;1.5;1.5;4.0;4.0;1;1024_600;5;5.0;0.0;0.0;14;14;4;25;50;174;6;0.0;15.0;616.809;617.784;1594369466.1339;1594369467.1092;1;5;0;1594369447.2448
YL;24;m;66;-1;-1.25;;-2.25;-3.25;1;2020_Jul_10_1116;haploAD;1;6;0.1;1.2;1.5;1.5;4.0;4.0;1;1024_600;-7.0;8;0.0;0.0;14;14;4;25;50;175;7;15.0;15.0;617.932;619.599;1594369467.2561;1594369468.9243;1;7;0;1594369447.2448
YL;24;m;66;-1;-1.25;;-2.25;-3.25;1;2020_Jul_10_1116;haploAD;1;6;0.1;1.2;1.5;1.5;4.0;4.0;1;1024_600;5.0;5;0.0;0.0;14;14;4;25;50;176;8;0.0;15.0;619.751;621.236;1594369469.0763;1594369470.5604;1;5;0;1594369447.2448
YL;24;m;66;-1;-1.25;;-2.25;-3.25;1;2020_Jul_10_1116;haploAD;1;6;0.1;1.2;1.5;1.5;4.0;4.0;1;1024_600;-10;5.0;0.0;0.0;14;14;4;25;50;177;9;15.0;15.0;621.383;622.319;1594369470.7084;1594369471.6438;1;7;0;1594369447.2448
YL;24;m;66;-1;-1.25;;-2.25;-3.25;1;2020_Jul_10_1116;haploAD;1;6;0.1;1.2;1.5;1.5;4.0;4.0;1;1024_600;-7.0;-7;0.0;0.0;14;14;4;25;50;178;10;0.0;15.0;622.477;623.4;1594369471.8013;1594369472.725;1;5;0;1594369447.2448
YL;24;m;66;-1;-1.25;;-2.25;-3.25;1;2020_Jul_10_1116;haploAD;1;6;0.1;1.2;1.5;1.5;4.0;4.0;1;1024_600;-5.0;-5;0.0;0.0;14;14;4;25;50;179;11;0.0;15.0;623.555;624.93;1594369472.8794;1594369474.2554;1;5;1594369474.2554;1594369447.2448
YL;24;m;66;-1;-1.25;;-2.25;-3.25;1;2020_Jul_10_1116;haploAD;1;6;0.1;1.2;1.5;1.5;4.0;4.0;1;1024_600;-7;8.0;0.0;0.0;8;15;4;50;25;180;0;15.0;15.0;639.04;640.11;1594369488.365;1594369489.4353;1;7;0;1594369488.365
YL;24;m;66;-1;-1.25;;-2.25;-3.25;1;2020_Jul_10_1116;haploAD;1;6;0.1;1.2;1.5;1.5;4.0;4.0;1;1024_600;-9.0;6;0.0;0.0;8;15;4;50;25;181;1;15.0;15.0;640.264;641.147;1594369489.5892;1594369490.4712;0;5;0;1594369488.365
YL;24;m;66;-1;-1.25;;-2.25;-3.25;1;2020_Jul_10_1116;haploAD;1;6;0.1;1.2;1.5;1.5;4.0;4.0;1;1024_600;5.0;5;0.0;0.0;8;15;4;50;25;182;2;0.0;15.0;641.299;642.906;1594369490.6232;1594369492.23;1;5;0;1594369488.365
YL;24;m;66;-1;-1.25;;-2.25;-3.25;1;2020_Jul_10_1116;haploAD;1;6;0.1;1.2;1.5;1.5;4.0;4.0;1;1024_600;7.0;-8;0.0;0.0;8;15;4;50;25;183;3;15.0;15.0;643.061;643.746;1594369492.386;1594369493.0711;0;5;0;1594369488.365
YL;24;m;66;-1;-1.25;;-2.25;-3.25;1;2020_Jul_10_1116;haploAD;1;6;0.1;1.2;1.5;1.5;4.0;4.0;1;1024_600;-5;10.0;0.0;0.0;8;15;4;50;25;184;4;15.0;15.0;643.906;644.675;1594369493.2301;1594369494.0004;0;5;0;1594369488.365
YL;24;m;66;-1;-1.25;;-2.25;-3.25;1;2020_Jul_10_1116;haploAD;1;6;0.1;1.2;1.5;1.5;4.0;4.0;1;1024_600;6;-9.0;0.0;0.0;8;15;4;50;25;185;5;15.0;15.0;644.823;645.509;1594369494.1485;1594369494.8336;0;5;0;1594369488.365
YL;24;m;66;-1;-1.25;;-2.25;-3.25;1;2020_Jul_10_1116;haploAD;1;6;0.1;1.2;1.5;1.5;4.0;4.0;1;1024_600;7;7.0;0.0;0.0;8;15;4;50;25;186;6;0.0;15.0;645.668;646.26;1594369494.9932;1594369495.5848;1;5;0;1594369488.365
YL;24;m;66;-1;-1.25;;-2.25;-3.25;1;2020_Jul_10_1116;haploAD;1;6;0.1;1.2;1.5;1.5;4.0;4.0;1;1024_600;9;9.0;0.0;0.0;8;15;4;50;25;187;7;0.0;15.0;646.411;647.014;1594369495.7357;1594369496.3381;1;5;0;1594369488.365
YL;24;m;66;-1;-1.25;;-2.25;-3.25;1;2020_Jul_10_1116;haploAD;1;6;0.1;1.2;1.5;1.5;4.0;4.0;1;1024_600;10;10.0;0.0;0.0;8;15;4;50;25;188;8;0.0;15.0;647.169;647.824;1594369496.4932;1594369497.149;1;5;0;1594369488.365
YL;24;m;66;-1;-1.25;;-2.25;-3.25;1;2020_Jul_10_1116;haploAD;1;6;0.1;1.2;1.5;1.5;4.0;4.0;1;1024_600;6.0;6;0.0;0.0;8;15;4;50;25;189;9;0.0;15.0;647.984;648.628;1594369497.3089;1594369497.9527;1;5;0;1594369488.365
YL;24;m;66;-1;-1.25;;-2.25;-3.25;1;2020_Jul_10_1116;haploAD;1;6;0.1;1.2;1.5;1.5;4.0;4.0;1;1024_600;-10;5.0;0.0;0.0;8;15;4;50;25;190;10;15.0;15.0;648.786;649.926;1594369498.1112;1594369499.2506;0;5;0;1594369488.365
YL;24;m;66;-1;-1.25;;-2.25;-3.25;1;2020_Jul_10_1116;haploAD;1;6;0.1;1.2;1.5;1.5;4.0;4.0;1;1024_600;-5;-5.0;0.0;0.0;8;15;4;50;25;191;11;0.0;15.0;650.083;650.81;1594369499.4082;1594369500.1348;1;5;1594369500.1348;1594369488.365
YL;24;m;66;-1;-1.25;;-2.25;-3.25;1;2020_Jul_10_1116;haploAD;1;6;0.1;1.2;1.5;1.5;4.0;4.0;1;1024_600;-5.0;-5;0.0;0.0;6;16;1;50;25;192;0;0.0;15.0;654.167;655.919;1594369503.4921;1594369505.2442;1;5;0;1594369503.4921
YL;24;m;66;-1;-1.25;;-2.25;-3.25;1;2020_Jul_10_1116;haploAD;1;6;0.1;1.2;1.5;1.5;4.0;4.0;1;1024_600;-9;6.0;0.0;0.0;6;16;1;50;25;193;1;15.0;15.0;656.069;656.87;1594369505.3942;1594369506.1948;0;5;0;1594369503.4921
YL;24;m;66;-1;-1.25;;-2.25;-3.25;1;2020_Jul_10_1116;haploAD;1;6;0.1;1.2;1.5;1.5;4.0;4.0;1;1024_600;-8;7.0;0.0;0.0;6;16;1;50;25;194;2;15.0;15.0;657.031;657.696;1594369506.3557;1594369507.0209;0;5;0;1594369503.4921
YL;24;m;66;-1;-1.25;;-2.25;-3.25;1;2020_Jul_10_1116;haploAD;1;6;0.1;1.2;1.5;1.5;4.0;4.0;1;1024_600;6;-9.0;0.0;0.0;6;16;1;50;25;195;3;15.0;15.0;657.847;658.687;1594369507.1718;1594369508.0119;0;5;0;1594369503.4921
YL;24;m;66;-1;-1.25;;-2.25;-3.25;1;2020_Jul_10_1116;haploAD;1;6;0.1;1.2;1.5;1.5;4.0;4.0;1;1024_600;8.0;8;0.0;0.0;6;16;1;50;25;196;4;0.0;15.0;658.837;659.632;1594369508.1619;1594369508.956;1;5;0;1594369503.4921
YL;24;m;66;-1;-1.25;;-2.25;-3.25;1;2020_Jul_10_1116;haploAD;1;6;0.1;1.2;1.5;1.5;4.0;4.0;1;1024_600;-6;-6.0;0.0;0.0;6;16;1;50;25;197;5;0.0;15.0;659.785;660.499;1594369509.1096;1594369509.8234;1;5;0;1594369503.4921
YL;24;m;66;-1;-1.25;;-2.25;-3.25;1;2020_Jul_10_1116;haploAD;1;6;0.1;1.2;1.5;1.5;4.0;4.0;1;1024_600;-9;-9.0;0.0;0.0;6;16;1;50;25;198;6;0.0;15.0;660.659;661.385;1594369509.9844;1594369510.7095;1;5;0;1594369503.4921
YL;24;m;66;-1;-1.25;;-2.25;-3.25;1;2020_Jul_10_1116;haploAD;1;6;0.1;1.2;1.5;1.5;4.0;4.0;1;1024_600;-5;10.0;0.0;0.0;6;16;1;50;25;199;7;15.0;15.0;661.533;662.675;1594369510.8584;1594369512.0;0;5;0;1594369503.4921
YL;24;m;66;-1;-1.25;;-2.25;-3.25;1;2020_Jul_10_1116;haploAD;1;6;0.1;1.2;1.5;1.5;4.0;4.0;1;1024_600;-5;10.0;0.0;0.0;6;16;1;50;25;200;8;15.0;15.0;662.83;663.577;1594369512.1549;1594369512.9015;0;5;0;1594369503.4921
YL;24;m;66;-1;-1.25;;-2.25;-3.25;1;2020_Jul_10_1116;haploAD;1;6;0.1;1.2;1.5;1.5;4.0;4.0;1;1024_600;8;8.0;0.0;0.0;6;16;1;50;25;201;9;0.0;15.0;663.733;664.5;1594369513.0574;1594369513.8253;1;5;0;1594369503.4921
YL;24;m;66;-1;-1.25;;-2.25;-3.25;1;2020_Jul_10_1116;haploAD;1;6;0.1;1.2;1.5;1.5;4.0;4.0;1;1024_600;-10;5.0;0.0;0.0;6;16;1;50;25;202;10;15.0;15.0;664.651;665.428;1594369513.9754;1594369514.7524;0;5;0;1594369503.4921
YL;24;m;66;-1;-1.25;;-2.25;-3.25;1;2020_Jul_10_1116;haploAD;1;6;0.1;1.2;1.5;1.5;4.0;4.0;1;1024_600;-6;-6.0;0.0;0.0;6;16;1;50;25;203;11;0.0;15.0;665.583;666.31;1594369514.9081;1594369515.6349;1;5;1594369515.6349;1594369503.4921
YL;24;m;66;-1;-1.25;;-2.25;-3.25;1;2020_Jul_10_1116;haploAD;1;6;0.1;1.2;1.5;1.5;4.0;4.0;1;1024_600;5;-10.0;0.0;0.0;16;17;10;25;50;204;0;15.0;15.0;680.487;683.302;1594369529.8119;1594369532.6273;1;7;0;1594369529.8119
YL;24;m;66;-1;-1.25;;-2.25;-3.25;1;2020_Jul_10_1116;haploAD;1;6;0.1;1.2;1.5;1.5;4.0;4.0;1;1024_600;9;-6.0;0.0;0.0;16;17;10;25;50;205;1;15.0;15.0;683.458;684.599;1594369532.7832;1594369533.9235;1;7;0;1594369529.8119
YL;24;m;66;-1;-1.25;;-2.25;-3.25;1;2020_Jul_10_1116;haploAD;1;6;0.1;1.2;1.5;1.5;4.0;4.0;1;1024_600;9.0;9;0.0;0.0;16;17;10;25;50;206;2;0.0;15.0;684.754;686.196;1594369534.0794;1594369535.5206;1;5;0;1594369529.8119
YL;24;m;66;-1;-1.25;;-2.25;-3.25;1;2020_Jul_10_1116;haploAD;1;6;0.1;1.2;1.5;1.5;4.0;4.0;1;1024_600;-5;10.0;0.0;0.0;16;17;10;25;50;207;3;15.0;15.0;686.356;687.67;1594369535.6805;1594369536.9948;1;7;0;1594369529.8119
YL;24;m;66;-1;-1.25;;-2.25;-3.25;1;2020_Jul_10_1116;haploAD;1;6;0.1;1.2;1.5;1.5;4.0;4.0;1;1024_600;10;-5.0;0.0;0.0;16;17;10;25;50;208;4;15.0;15.0;687.828;692.611;1594369537.1527;1594369541.9358;1;7;0;1594369529.8119
YL;24;m;66;-1;-1.25;;-2.25;-3.25;1;2020_Jul_10_1116;haploAD;1;6;0.1;1.2;1.5;1.5;4.0;4.0;1;1024_600;10;10.0;0.0;0.0;16;17;10;25;50;209;5;0.0;15.0;692.767;694.05;1594369542.0918;1594369543.374;1;5;0;1594369529.8119
YL;24;m;66;-1;-1.25;;-2.25;-3.25;1;2020_Jul_10_1116;haploAD;1;6;0.1;1.2;1.5;1.5;4.0;4.0;1;1024_600;-10;-10.0;0.0;0.0;16;17;10;25;50;210;6;0.0;15.0;694.208;695.536;1594369543.5329;1594369544.8612;0;7;0;1594369529.8119
YL;24;m;66;-1;-1.25;;-2.25;-3.25;1;2020_Jul_10_1116;haploAD;1;6;0.1;1.2;1.5;1.5;4.0;4.0;1;1024_600;-8.0;7;0.0;0.0;16;17;10;25;50;211;7;15.0;15.0;695.694;697.113;1594369545.0191;1594369546.4374;0;5;0;1594369529.8119
YL;24;m;66;-1;-1.25;;-2.25;-3.25;1;2020_Jul_10_1116;haploAD;1;6;0.1;1.2;1.5;1.5;4.0;4.0;1;1024_600;7.0;-8;0.0;0.0;16;17;10;25;50;212;8;15.0;15.0;697.267;698.842;1594369546.5918;1594369548.1671;0;5;0;1594369529.8119
YL;24;m;66;-1;-1.25;;-2.25;-3.25;1;2020_Jul_10_1116;haploAD;1;6;0.1;1.2;1.5;1.5;4.0;4.0;1;1024_600;9.0;9;0.0;0.0;16;17;10;25;50;213;9;0.0;15.0;699.015;700.26;1594369548.34;1594369549.5842;1;5;0;1594369529.8119
YL;24;m;66;-1;-1.25;;-2.25;-3.25;1;2020_Jul_10_1116;haploAD;1;6;0.1;1.2;1.5;1.5;4.0;4.0;1;1024_600;10;10.0;0.0;0.0;16;17;10;25;50;214;10;0.0;15.0;700.414;701.576;1594369549.7381;1594369550.9005;1;5;0;1594369529.8119
YL;24;m;66;-1;-1.25;;-2.25;-3.25;1;2020_Jul_10_1116;haploAD;1;6;0.1;1.2;1.5;1.5;4.0;4.0;1;1024_600;-9.0;-9;0.0;0.0;16;17;10;25;50;215;11;0.0;15.0;701.725;702.698;1594369551.0494;1594369552.0232;1;5;1594369552.0232;1594369529.8119
YL;24;m;66;-1;-1.25;;-2.25;-3.25;1;2020_Jul_10_1116;haploAD;1;6;0.1;1.2;1.5;1.5;4.0;4.0;1;1024_600;-5;10.0;0.0;0.0;0;18;1;50;50;216;0;15.0;15.0;720.591;721.614;1594369569.9159;1594369570.9394;0;5;0;1594369569.9159
YL;24;m;66;-1;-1.25;;-2.25;-3.25;1;2020_Jul_10_1116;haploAD;1;6;0.1;1.2;1.5;1.5;4.0;4.0;1;1024_600;-8;7.0;0.0;0.0;0;18;1;50;50;217;1;15.0;15.0;721.77;722.6;1594369571.0954;1594369571.9248;0;5;0;1594369569.9159
YL;24;m;66;-1;-1.25;;-2.25;-3.25;1;2020_Jul_10_1116;haploAD;1;6;0.1;1.2;1.5;1.5;4.0;4.0;1;1024_600;6.0;6;0.0;0.0;0;18;1;50;50;218;2;0.0;15.0;722.746;723.586;1594369572.0708;1594369572.9104;1;5;0;1594369569.9159
YL;24;m;66;-1;-1.25;;-2.25;-3.25;1;2020_Jul_10_1116;haploAD;1;6;0.1;1.2;1.5;1.5;4.0;4.0;1;1024_600;-8;7.0;0.0;0.0;0;18;1;50;50;219;3;15.0;15.0;723.737;724.889;1594369573.0613;1594369574.2141;0;5;0;1594369569.9159
YL;24;m;66;-1;-1.25;;-2.25;-3.25;1;2020_Jul_10_1116;haploAD;1;6;0.1;1.2;1.5;1.5;4.0;4.0;1;1024_600;-9.0;6;0.0;0.0;0;18;1;50;50;220;4;15.0;15.0;725.048;725.785;1594369574.3727;1594369575.1099;0;5;0;1594369569.9159
YL;24;m;66;-1;-1.25;;-2.25;-3.25;1;2020_Jul_10_1116;haploAD;1;6;0.1;1.2;1.5;1.5;4.0;4.0;1;1024_600;-10.0;-10;0.0;0.0;0;18;1;50;50;221;5;0.0;15.0;725.936;726.735;1594369575.2609;1594369576.0595;1;5;0;1594369569.9159
YL;24;m;66;-1;-1.25;;-2.25;-3.25;1;2020_Jul_10_1116;haploAD;1;6;0.1;1.2;1.5;1.5;4.0;4.0;1;1024_600;-9;6.0;0.0;0.0;0;18;1;50;50;222;6;15.0;15.0;726.883;728.086;1594369576.2084;1594369577.4111;0;5;0;1594369569.9159
YL;24;m;66;-1;-1.25;;-2.25;-3.25;1;2020_Jul_10_1116;haploAD;1;6;0.1;1.2;1.5;1.5;4.0;4.0;1;1024_600;-7.0;-7;0.0;0.0;0;18;1;50;50;223;7;0.0;15.0;728.238;728.934;1594369577.5631;1594369578.259;1;5;0;1594369569.9159
YL;24;m;66;-1;-1.25;;-2.25;-3.25;1;2020_Jul_10_1116;haploAD;1;6;0.1;1.2;1.5;1.5;4.0;4.0;1;1024_600;-10.0;-10;0.0;0.0;0;18;1;50;50;224;8;0.0;15.0;729.083;729.914;1594369578.4079;1594369579.239;1;5;0;1594369569.9159
YL;24;m;66;-1;-1.25;;-2.25;-3.25;1;2020_Jul_10_1116;haploAD;1;6;0.1;1.2;1.5;1.5;4.0;4.0;1;1024_600;8.0;-7;0.0;0.0;0;18;1;50;50;225;9;15.0;15.0;730.074;730.968;1594369579.3991;1594369580.2931;0;5;0;1594369569.9159
YL;24;m;66;-1;-1.25;;-2.25;-3.25;1;2020_Jul_10_1116;haploAD;1;6;0.1;1.2;1.5;1.5;4.0;4.0;1;1024_600;-7;-7.0;0.0;0.0;0;18;1;50;50;226;10;0.0;15.0;731.123;732.182;1594369580.448;1594369581.5067;1;5;0;1594369569.9159
YL;24;m;66;-1;-1.25;;-2.25;-3.25;1;2020_Jul_10_1116;haploAD;1;6;0.1;1.2;1.5;1.5;4.0;4.0;1;1024_600;-5;-5.0;0.0;0.0;0;18;1;50;50;227;11;0.0;15.0;732.332;733.182;1594369581.6568;1594369582.5069;1;5;1594369582.5069;1594369569.9159
YL;24;m;66;-1;-1.25;;-2.25;-3.25;1;2020_Jul_10_1116;haploAD;1;6;0.1;1.2;1.5;1.5;4.0;4.0;1;1024_600;12.0;-18;0.0;0.0;9;19;4;50;25;228;0;30.0;30.0;750.462;751.941;1594369599.7865;1594369601.2662;1;7;0;1594369599.7865
YL;24;m;66;-1;-1.25;;-2.25;-3.25;1;2020_Jul_10_1116;haploAD;1;6;0.1;1.2;1.5;1.5;4.0;4.0;1;1024_600;-15.0;15;0.0;0.0;9;19;4;50;25;229;1;30.0;30.0;752.102;753.107;1594369601.4261;1594369602.4321;0;5;0;1594369599.7865
YL;24;m;66;-1;-1.25;;-2.25;-3.25;1;2020_Jul_10_1116;haploAD;1;6;0.1;1.2;1.5;1.5;4.0;4.0;1;1024_600;6;-24.0;0.0;0.0;9;19;4;50;25;230;2;30.0;30.0;753.267;754.403;1594369602.591;1594369603.7284;0;5;0;1594369599.7865
YL;24;m;66;-1;-1.25;;-2.25;-3.25;1;2020_Jul_10_1116;haploAD;1;6;0.1;1.2;1.5;1.5;4.0;4.0;1;1024_600;6.0;6;0.0;0.0;9;19;4;50;25;231;3;0.0;30.0;754.563;755.309;1594369603.8874;1594369604.6347;1;5;0;1594369599.7865
YL;24;m;66;-1;-1.25;;-2.25;-3.25;1;2020_Jul_10_1116;haploAD;1;6;0.1;1.2;1.5;1.5;4.0;4.0;1;1024_600;-16.0;-16;0.0;0.0;9;19;4;50;25;232;4;0.0;30.0;755.466;756.544;1594369604.7904;1594369605.8693;1;5;0;1594369599.7865
YL;24;m;66;-1;-1.25;;-2.25;-3.25;1;2020_Jul_10_1116;haploAD;1;6;0.1;1.2;1.5;1.5;4.0;4.0;1;1024_600;-21;9.0;0.0;0.0;9;19;4;50;25;233;5;30.0;30.0;756.704;757.513;1594369606.0282;1594369606.8373;0;5;0;1594369599.7865
YL;24;m;66;-1;-1.25;;-2.25;-3.25;1;2020_Jul_10_1116;haploAD;1;6;0.1;1.2;1.5;1.5;4.0;4.0;1;1024_600;-15.0;-15;0.0;0.0;9;19;4;50;25;234;6;0.0;30.0;757.665;758.494;1594369606.9898;1594369607.8193;1;5;0;1594369599.7865
YL;24;m;66;-1;-1.25;;-2.25;-3.25;1;2020_Jul_10_1116;haploAD;1;6;0.1;1.2;1.5;1.5;4.0;4.0;1;1024_600;-22.0;8;0.0;0.0;9;19;4;50;25;235;7;30.0;30.0;758.641;759.419;1594369607.9662;1594369608.7447;0;5;0;1594369599.7865
YL;24;m;66;-1;-1.25;;-2.25;-3.25;1;2020_Jul_10_1116;haploAD;1;6;0.1;1.2;1.5;1.5;4.0;4.0;1;1024_600;-7;-7.0;0.0;0.0;9;19;4;50;25;236;8;0.0;30.0;759.574;760.331;1594369608.8987;1594369609.6553;1;5;0;1594369599.7865
YL;24;m;66;-1;-1.25;;-2.25;-3.25;1;2020_Jul_10_1116;haploAD;1;6;0.1;1.2;1.5;1.5;4.0;4.0;1;1024_600;-6.0;-6;0.0;0.0;9;19;4;50;25;237;9;0.0;30.0;760.492;761.124;1594369609.8162;1594369610.4483;1;5;0;1594369599.7865
YL;24;m;66;-1;-1.25;;-2.25;-3.25;1;2020_Jul_10_1116;haploAD;1;6;0.1;1.2;1.5;1.5;4.0;4.0;1;1024_600;-20.0;-20;0.0;0.0;9;19;4;50;25;238;10;0.0;30.0;761.279;761.88;1594369610.6032;1594369611.2049;1;5;0;1594369599.7865
YL;24;m;66;-1;-1.25;;-2.25;-3.25;1;2020_Jul_10_1116;haploAD;1;6;0.1;1.2;1.5;1.5;4.0;4.0;1;1024_600;-18.0;12;0.0;0.0;9;19;4;50;25;239;11;30.0;30.0;762.036;763.02;1594369611.3604;1594369612.3443;1;7;1594369612.3443;1594369599.7865
YL;24;m;66;-1;-1.25;;-2.25;-3.25;1;2020_Jul_10_1116;haploAD;1;6;0.1;1.2;1.5;1.5;4.0;4.0;1;1024_600;-10;-10.0;0.0;0.0;21;20;4;25;25;240;0;0.0;30.0;780.142;781.389;1594369629.467;1594369630.7134;1;5;0;1594369629.467
YL;24;m;66;-1;-1.25;;-2.25;-3.25;1;2020_Jul_10_1116;haploAD;1;6;0.1;1.2;1.5;1.5;4.0;4.0;1;1024_600;9.0;-21;0.0;0.0;21;20;4;25;25;241;1;30.0;30.0;781.543;782.65;1594369630.8673;1594369631.9749;1;7;0;1594369629.467
YL;24;m;66;-1;-1.25;;-2.25;-3.25;1;2020_Jul_10_1116;haploAD;1;6;0.1;1.2;1.5;1.5;4.0;4.0;1;1024_600;-21.0;-21;0.0;0.0;21;20;4;25;25;242;2;0.0;30.0;782.81;783.578;1594369632.1354;1594369632.9029;1;5;0;1594369629.467
YL;24;m;66;-1;-1.25;;-2.25;-3.25;1;2020_Jul_10_1116;haploAD;1;6;0.1;1.2;1.5;1.5;4.0;4.0;1;1024_600;-25;-25.0;0.0;0.0;21;20;4;25;25;243;3;0.0;30.0;783.728;784.505;1594369633.0528;1594369633.8299;1;5;0;1594369629.467
YL;24;m;66;-1;-1.25;;-2.25;-3.25;1;2020_Jul_10_1116;haploAD;1;6;0.1;1.2;1.5;1.5;4.0;4.0;1;1024_600;-8;-8.0;0.0;0.0;21;20;4;25;25;244;4;0.0;30.0;784.66;785.418;1594369633.9848;1594369634.7431;1;5;0;1594369629.467
YL;24;m;66;-1;-1.25;;-2.25;-3.25;1;2020_Jul_10_1116;haploAD;1;6;0.1;1.2;1.5;1.5;4.0;4.0;1;1024_600;-13.0;17;0.0;0.0;21;20;4;25;25;245;5;30.0;30.0;785.579;786.386;1594369634.904;1594369635.7112;1;7;0;1594369629.467
YL;24;m;66;-1;-1.25;;-2.25;-3.25;1;2020_Jul_10_1116;haploAD;1;6;0.1;1.2;1.5;1.5;4.0;4.0;1;1024_600;-10;20.0;0.0;0.0;21;20;4;25;25;246;6;30.0;30.0;786.541;787.285;1594369635.8661;1594369636.6104;1;7;0;1594369629.467
YL;24;m;66;-1;-1.25;;-2.25;-3.25;1;2020_Jul_10_1116;haploAD;1;6;0.1;1.2;1.5;1.5;4.0;4.0;1;1024_600;-5;-5.0;0.0;0.0;21;20;4;25;25;247;7;0.0;30.0;787.444;788.19;1594369636.7683;1594369637.5144;1;5;0;1594369629.467
YL;24;m;66;-1;-1.25;;-2.25;-3.25;1;2020_Jul_10_1116;haploAD;1;6;0.1;1.2;1.5;1.5;4.0;4.0;1;1024_600;-15.0;-15;0.0;0.0;21;20;4;25;25;248;8;0.0;30.0;788.347;789.021;1594369637.6713;1594369638.3456;1;5;0;1594369629.467
YL;24;m;66;-1;-1.25;;-2.25;-3.25;1;2020_Jul_10_1116;haploAD;1;6;0.1;1.2;1.5;1.5;4.0;4.0;1;1024_600;19.0;-11;0.0;0.0;21;20;4;25;25;249;9;30.0;30.0;789.177;789.913;1594369638.5015;1594369639.238;1;7;0;1594369629.467
YL;24;m;66;-1;-1.25;;-2.25;-3.25;1;2020_Jul_10_1116;haploAD;1;6;0.1;1.2;1.5;1.5;4.0;4.0;1;1024_600;8;-22.0;0.0;0.0;21;20;4;25;25;250;10;30.0;30.0;790.08;790.836;1594369639.4049;1594369640.1613;1;7;0;1594369629.467
YL;24;m;66;-1;-1.25;;-2.25;-3.25;1;2020_Jul_10_1116;haploAD;1;6;0.1;1.2;1.5;1.5;4.0;4.0;1;1024_600;18;-12.0;0.0;0.0;21;20;4;25;25;251;11;30.0;30.0;791.003;791.806;1594369640.3282;1594369641.1305;1;7;1594369641.1305;1594369629.467
YL;24;m;66;-1;-1.25;;-2.25;-3.25;1;2020_Jul_10_1116;haploAD;1;6;0.1;1.2;1.5;1.5;4.0;4.0;1;1024_600;-11;19.0;0.0;0.0;23;21;10;25;25;252;0;30.0;30.0;795.422;797.878;1594369644.7467;1594369647.2029;1;7;0;1594369644.7467
YL;24;m;66;-1;-1.25;;-2.25;-3.25;1;2020_Jul_10_1116;haploAD;1;6;0.1;1.2;1.5;1.5;4.0;4.0;1;1024_600;8.0;8;0.0;0.0;23;21;10;25;25;253;1;0.0;30.0;798.034;798.945;1594369647.3588;1594369648.27;1;5;0;1594369644.7467
YL;24;m;66;-1;-1.25;;-2.25;-3.25;1;2020_Jul_10_1116;haploAD;1;6;0.1;1.2;1.5;1.5;4.0;4.0;1;1024_600;22;-8.0;0.0;0.0;23;21;10;25;25;254;2;30.0;30.0;799.097;800.134;1594369648.4224;1594369649.4588;1;7;0;1594369644.7467
YL;24;m;66;-1;-1.25;;-2.25;-3.25;1;2020_Jul_10_1116;haploAD;1;6;0.1;1.2;1.5;1.5;4.0;4.0;1;1024_600;-12.0;18;0.0;0.0;23;21;10;25;25;255;3;30.0;30.0;800.292;801.306;1594369649.6167;1594369650.6306;1;7;0;1594369644.7467
YL;24;m;66;-1;-1.25;;-2.25;-3.25;1;2020_Jul_10_1116;haploAD;1;6;0.1;1.2;1.5;1.5;4.0;4.0;1;1024_600;-8;22.0;0.0;0.0;23;21;10;25;25;256;4;30.0;30.0;801.457;802.388;1594369650.7815;1594369651.7132;1;7;0;1594369644.7467
YL;24;m;66;-1;-1.25;;-2.25;-3.25;1;2020_Jul_10_1116;haploAD;1;6;0.1;1.2;1.5;1.5;4.0;4.0;1;1024_600;25;-5.0;0.0;0.0;23;21;10;25;25;257;5;30.0;30.0;802.55;803.44;1594369651.8751;1594369652.7643;1;7;0;1594369644.7467
YL;24;m;66;-1;-1.25;;-2.25;-3.25;1;2020_Jul_10_1116;haploAD;1;6;0.1;1.2;1.5;1.5;4.0;4.0;1;1024_600;-13.0;-13;0.0;0.0;23;21;10;25;25;258;6;0.0;30.0;803.598;804.696;1594369652.9232;1594369654.0205;1;5;0;1594369644.7467
YL;24;m;66;-1;-1.25;;-2.25;-3.25;1;2020_Jul_10_1116;haploAD;1;6;0.1;1.2;1.5;1.5;4.0;4.0;1;1024_600;-22.0;-22;0.0;0.0;23;21;10;25;25;259;7;0.0;30.0;804.852;805.731;1594369654.1764;1594369655.0555;1;5;0;1594369644.7467
YL;24;m;66;-1;-1.25;;-2.25;-3.25;1;2020_Jul_10_1116;haploAD;1;6;0.1;1.2;1.5;1.5;4.0;4.0;1;1024_600;-10.0;-10;0.0;0.0;23;21;10;25;25;260;8;0.0;30.0;805.884;808.577;1594369655.2089;1594369657.9012;1;5;0;1594369644.7467
YL;24;m;66;-1;-1.25;;-2.25;-3.25;1;2020_Jul_10_1116;haploAD;1;6;0.1;1.2;1.5;1.5;4.0;4.0;1;1024_600;18.0;18;0.0;0.0;23;21;10;25;25;261;9;0.0;30.0;808.725;809.753;1594369658.0501;1594369659.0781;1;5;0;1594369644.7467
YL;24;m;66;-1;-1.25;;-2.25;-3.25;1;2020_Jul_10_1116;haploAD;1;6;0.1;1.2;1.5;1.5;4.0;4.0;1;1024_600;-12;-12.0;0.0;0.0;23;21;10;25;25;262;10;0.0;30.0;809.905;810.776;1594369659.23;1594369660.1004;1;5;0;1594369644.7467
YL;24;m;66;-1;-1.25;;-2.25;-3.25;1;2020_Jul_10_1116;haploAD;1;6;0.1;1.2;1.5;1.5;4.0;4.0;1;1024_600;6.0;-24;0.0;0.0;23;21;10;25;25;263;11;30.0;30.0;810.925;812.012;1594369660.2503;1594369661.3369;1;7;1594369661.3369;1594369644.7467
YL;24;m;66;-1;-1.25;;-2.25;-3.25;1;2020_Jul_10_1116;haploAD;1;6;0.1;1.2;1.5;1.5;4.0;4.0;1;1024_600;-5;10.0;0.0;0.0;18;22;1;25;25;264;0;15.0;15.0;815.573;816.598;1594369664.8976;1594369665.9226;0;5;0;1594369664.8976
YL;24;m;66;-1;-1.25;;-2.25;-3.25;1;2020_Jul_10_1116;haploAD;1;6;0.1;1.2;1.5;1.5;4.0;4.0;1;1024_600;7.0;7;0.0;0.0;18;22;1;25;25;265;1;0.0;15.0;816.753;817.696;1594369666.0775;1594369667.0206;1;5;0;1594369664.8976
YL;24;m;66;-1;-1.25;;-2.25;-3.25;1;2020_Jul_10_1116;haploAD;1;6;0.1;1.2;1.5;1.5;4.0;4.0;1;1024_600;-5;-5.0;0.0;0.0;18;22;1;25;25;266;2;0.0;15.0;817.845;818.768;1594369667.1695;1594369668.0926;1;5;0;1594369664.8976
YL;24;m;66;-1;-1.25;;-2.25;-3.25;1;2020_Jul_10_1116;haploAD;1;6;0.1;1.2;1.5;1.5;4.0;4.0;1;1024_600;6.0;-9;0.0;0.0;18;22;1;25;25;267;3;15.0;15.0;818.923;820.114;1594369668.2485;1594369669.4393;0;5;0;1594369664.8976
YL;24;m;66;-1;-1.25;;-2.25;-3.25;1;2020_Jul_10_1116;haploAD;1;6;0.1;1.2;1.5;1.5;4.0;4.0;1;1024_600;9.0;9;0.0;0.0;18;22;1;25;25;268;4;0.0;15.0;820.278;821.024;1594369669.6022;1594369670.3484;1;5;0;1594369664.8976
YL;24;m;66;-1;-1.25;;-2.25;-3.25;1;2020_Jul_10_1116;haploAD;1;6;0.1;1.2;1.5;1.5;4.0;4.0;1;1024_600;-8.0;7;0.0;0.0;18;22;1;25;25;269;5;15.0;15.0;821.181;822.019;1594369670.5059;1594369671.3444;0;5;0;1594369664.8976
YL;24;m;66;-1;-1.25;;-2.25;-3.25;1;2020_Jul_10_1116;haploAD;1;6;0.1;1.2;1.5;1.5;4.0;4.0;1;1024_600;-6;9.0;0.0;0.0;18;22;1;25;25;270;6;15.0;15.0;822.172;823.001;1594369671.4963;1594369672.3254;0;5;0;1594369664.8976
YL;24;m;66;-1;-1.25;;-2.25;-3.25;1;2020_Jul_10_1116;haploAD;1;6;0.1;1.2;1.5;1.5;4.0;4.0;1;1024_600;-6.0;-6;0.0;0.0;18;22;1;25;25;271;7;0.0;15.0;823.147;823.997;1594369672.4723;1594369673.3224;1;5;0;1594369664.8976
YL;24;m;66;-1;-1.25;;-2.25;-3.25;1;2020_Jul_10_1116;haploAD;1;6;0.1;1.2;1.5;1.5;4.0;4.0;1;1024_600;8.0;8;0.0;0.0;18;22;1;25;25;272;8;0.0;15.0;824.153;825.003;1594369673.4773;1594369674.3275;1;5;0;1594369664.8976
YL;24;m;66;-1;-1.25;;-2.25;-3.25;1;2020_Jul_10_1116;haploAD;1;6;0.1;1.2;1.5;1.5;4.0;4.0;1;1024_600;-5;10.0;0.0;0.0;18;22;1;25;25;273;9;15.0;15.0;825.158;826.049;1594369674.4831;1594369675.3745;0;5;0;1594369664.8976
YL;24;m;66;-1;-1.25;;-2.25;-3.25;1;2020_Jul_10_1116;haploAD;1;6;0.1;1.2;1.5;1.5;4.0;4.0;1;1024_600;-6.0;9;0.0;0.0;18;22;1;25;25;274;10;15.0;15.0;826.207;827.16;1594369675.5314;1594369676.4845;0;5;0;1594369664.8976
YL;24;m;66;-1;-1.25;;-2.25;-3.25;1;2020_Jul_10_1116;haploAD;1;6;0.1;1.2;1.5;1.5;4.0;4.0;1;1024_600;5;5.0;0.0;0.0;18;22;1;25;25;275;11;0.0;15.0;827.314;828.215;1594369676.6394;1594369677.5405;1;5;1594369677.5405;1594369664.8976
YL;24;m;66;-1;-1.25;;-2.25;-3.25;1;2020_Jul_10_1116;haploAD;1;6;0.1;1.2;1.5;1.5;4.0;4.0;1;1024_600;-14;16.0;0.0;0.0;17;23;10;25;50;276;0;30.0;30.0;849.717;851.356;1594369699.0413;1594369700.6804;1;7;0;1594369699.0413
YL;24;m;66;-1;-1.25;;-2.25;-3.25;1;2020_Jul_10_1116;haploAD;1;6;0.1;1.2;1.5;1.5;4.0;4.0;1;1024_600;5.0;-25;0.0;0.0;17;23;10;25;50;277;1;30.0;30.0;851.511;853.478;1594369700.8365;1594369702.8034;1;7;0;1594369699.0413
YL;24;m;66;-1;-1.25;;-2.25;-3.25;1;2020_Jul_10_1116;haploAD;1;6;0.1;1.2;1.5;1.5;4.0;4.0;1;1024_600;-23;-23.0;0.0;0.0;17;23;10;25;50;278;2;0.0;30.0;853.638;855.492;1594369702.9623;1594369704.8164;1;5;0;1594369699.0413
YL;24;m;66;-1;-1.25;;-2.25;-3.25;1;2020_Jul_10_1116;haploAD;1;6;0.1;1.2;1.5;1.5;4.0;4.0;1;1024_600;-15.0;15;0.0;0.0;17;23;10;25;50;279;3;30.0;30.0;855.648;856.872;1594369704.9734;1594369706.1969;1;7;0;1594369699.0413
YL;24;m;66;-1;-1.25;;-2.25;-3.25;1;2020_Jul_10_1116;haploAD;1;6;0.1;1.2;1.5;1.5;4.0;4.0;1;1024_600;-16.0;-16;0.0;0.0;17;23;10;25;50;280;4;0.0;30.0;857.032;858.193;1594369706.3568;1594369707.5184;1;5;0;1594369699.0413
YL;24;m;66;-1;-1.25;;-2.25;-3.25;1;2020_Jul_10_1116;haploAD;1;6;0.1;1.2;1.5;1.5;4.0;4.0;1;1024_600;-5.0;-5;0.0;0.0;17;23;10;25;50;281;5;0.0;30.0;858.343;860.053;1594369707.6683;1594369709.3779;1;5;0;1594369699.0413
YL;24;m;66;-1;-1.25;;-2.25;-3.25;1;2020_Jul_10_1116;haploAD;1;6;0.1;1.2;1.5;1.5;4.0;4.0;1;1024_600;-6.0;24;0.0;0.0;17;23;10;25;50;282;6;30.0;30.0;860.208;861.298;1594369709.5329;1594369710.6229;1;7;0;1594369699.0413
YL;24;m;66;-1;-1.25;;-2.25;-3.25;1;2020_Jul_10_1116;haploAD;1;6;0.1;1.2;1.5;1.5;4.0;4.0;1;1024_600;-22.0;-22;0.0;0.0;17;23;10;25;50;283;7;0.0;30.0;861.446;864.129;1594369710.7708;1594369713.4533;1;5;0;1594369699.0413
YL;24;m;66;-1;-1.25;;-2.25;-3.25;1;2020_Jul_10_1116;haploAD;1;6;0.1;1.2;1.5;1.5;4.0;4.0;1;1024_600;-25.0;-25;0.0;0.0;17;23;10;25;50;284;8;0.0;30.0;864.288;867.071;1594369713.6123;1594369716.3961;1;5;0;1594369699.0413
YL;24;m;66;-1;-1.25;;-2.25;-3.25;1;2020_Jul_10_1116;haploAD;1;6;0.1;1.2;1.5;1.5;4.0;4.0;1;1024_600;23;23.0;0.0;0.0;17;23;10;25;50;285;9;0.0;30.0;867.23;868.817;1594369716.554;1594369718.1416;1;5;0;1594369699.0413
YL;24;m;66;-1;-1.25;;-2.25;-3.25;1;2020_Jul_10_1116;haploAD;1;6;0.1;1.2;1.5;1.5;4.0;4.0;1;1024_600;20.0;-10;0.0;0.0;17;23;10;25;50;286;10;30.0;30.0;868.963;870.488;1594369718.2875;1594369719.8129;0;5;0;1594369699.0413
YL;24;m;66;-1;-1.25;;-2.25;-3.25;1;2020_Jul_10_1116;haploAD;1;6;0.1;1.2;1.5;1.5;4.0;4.0;1;1024_600;-10.0;20;0.0;0.0;17;23;10;25;50;287;11;30.0;30.0;870.638;871.853;1594369719.9628;1594369721.1778;1;7;1594369721.1778;1594369699.0413
